date,open,high,low,close,adj_close,volume
2019-01-02,187.82000732421875,190.99000549316406,186.6999969482422,190.9499969482422,169.25228881835938,2475200.0
2019-01-03,188.27999877929688,188.27999877929688,182.88999938964844,183.75999450683594,162.87928771972656,3358200.0
2019-01-04,186.75,191.97999572753906,186.02999877929688,191.32000732421875,169.5802459716797,2995100.0
2019-01-07,191.36000061035156,192.3000030517578,188.66000366210938,190.8800048828125,169.1902313232422,2162200.0
2019-01-08,193.0,194.11000061035156,189.5800018310547,191.67999267578125,169.89935302734375,2479800.0
2019-01-09,193.25,193.94000244140625,191.3800048828125,192.3000030517578,170.44888305664062,2163600.0
2019-01-10,190.8699951171875,193.80999755859375,189.39999389648438,193.60000610351562,171.60118103027344,1939300.0
2019-01-11,191.83999633789062,192.69000244140625,190.86000061035156,192.2100067138672,170.36912536621094,2359900.0
2019-01-14,190.63999938964844,192.8300018310547,189.8000030517578,192.1699981689453,170.3336639404297,1914400.0
2019-01-15,188.83999633789062,190.67999267578125,187.86000061035156,188.94000244140625,167.470703125,2737300.0
2019-01-16,188.50999450683594,190.44000244140625,188.4199981689453,189.47999572753906,167.94932556152344,2492100.0
2019-01-17,188.55999755859375,192.89999389648438,187.89999389648438,191.7100067138672,169.92596435546875,1978900.0
2019-01-18,194.33999633789062,196.39999389648438,192.36000061035156,195.86000061035156,173.60435485839844,2746600.0
2019-01-22,194.22000122070312,194.49000549316406,190.42999267578125,192.25999450683594,170.41342163085938,2709600.0
2019-01-23,192.6300048828125,194.0,190.27999877929688,192.2899932861328,170.4400177001953,1652900.0
2019-01-24,192.25999450683594,193.1699981689453,191.50999450683594,192.52000427246094,170.64390563964844,1582800.0
2019-01-25,194.72000122070312,197.16000366210938,194.4600067138672,195.89999389648438,173.63983154296875,2320100.0
2019-01-28,193.13999938964844,193.4499969482422,191.07000732421875,193.1999969482422,171.24661254882812,3156600.0
2019-01-29,195.00999450683594,199.88999938964844,194.1999969482422,196.9499969482422,174.5705108642578,4311100.0
2019-01-30,198.22000122070312,200.11000061035156,194.6300048828125,199.27000427246094,176.6268768310547,2168100.0
2019-01-31,198.8000030517578,200.88999938964844,197.74000549316406,200.3000030517578,177.5398406982422,3338400.0
2019-02-01,201.49000549316406,201.77000427246094,198.2899932861328,199.16000366210938,176.52938842773438,2239400.0
2019-02-04,199.00999450683594,200.25999450683594,196.25,200.2100067138672,177.4600830078125,1973600.0
2019-02-05,200.72000122070312,201.1300048828125,199.72999572753906,201.1199951171875,178.2666778564453,2036900.0
2019-02-06,201.22000122070312,203.0800018310547,200.25,202.57000732421875,179.55191040039062,1672400.0
2019-02-07,201.02000427246094,202.39999389648438,198.86000061035156,199.83999633789062,177.13211059570312,1949400.0
2019-02-08,199.22000122070312,199.85000610351562,197.89999389648438,199.82000732421875,177.1144256591797,1451800.0
2019-02-11,200.92999267578125,201.1999969482422,199.63999938964844,200.91000366210938,178.08055114746094,1513500.0
2019-02-12,202.8699951171875,206.7899932861328,202.19000244140625,206.57000732421875,183.09742736816406,2623000.0
2019-02-13,207.08999633789062,210.39999389648438,206.58999633789062,209.72000122070312,185.88943481445312,2967300.0
2019-02-14,206.58999633789062,207.1199951171875,204.0500030517578,204.92999267578125,182.89956665039062,2229700.0
2019-02-15,206.4600067138672,208.97000122070312,206.0,208.86000061035156,186.4071044921875,2000400.0
2019-02-19,207.91000366210938,209.14999389648438,207.38999938964844,208.41000366210938,186.00546264648438,1534400.0
2019-02-20,208.92999267578125,208.97000122070312,207.32000732421875,208.52999877929688,186.11256408691406,1879100.0
2019-02-21,208.16000366210938,209.11000061035156,207.25,207.77000427246094,185.43429565429688,1737600.0
2019-02-22,207.77000427246094,209.66000366210938,207.14999389648438,209.35000610351562,186.84442138671875,1534200.0
2019-02-25,210.47000122070312,211.35000610351562,210.33999633789062,210.5800018310547,187.94216918945312,2183500.0
2019-02-26,210.5800018310547,211.58999633789062,209.3699951171875,209.3800048828125,186.8712158203125,1671300.0
2019-02-27,209.60000610351562,209.69000244140625,208.16000366210938,209.02999877929688,186.55882263183594,1540600.0
2019-02-28,209.0500030517578,209.0500030517578,206.9600067138672,207.38999938964844,185.0951385498047,2121700.0
2019-03-01,208.80999755859375,209.75999450683594,206.89999389648438,207.49000549316406,185.1843719482422,1754400.0
2019-03-04,208.99000549316406,209.97999572753906,205.74000549316406,206.86000061035156,184.62208557128906,1989900.0
2019-03-05,205.5800018310547,207.25,203.83999633789062,203.83999633789062,181.92677307128906,2744500.0
2019-03-06,204.72999572753906,204.7899932861328,202.75999450683594,202.8000030517578,180.99853515625,1825300.0
2019-03-07,202.55999755859375,202.55999755859375,198.5,199.86000061035156,178.3746337890625,3339600.0
2019-03-08,198.3800048828125,201.1699981689453,198.0,200.88999938964844,179.2938690185547,1724500.0
2019-03-11,201.8800048828125,207.16000366210938,201.66000366210938,207.10000610351562,184.8363037109375,2385300.0
2019-03-12,207.83999633789062,208.38999938964844,205.3800048828125,205.8000030517578,183.67605590820312,2115100.0
2019-03-13,206.8300018310547,207.3000030517578,205.6300048828125,206.66000366210938,184.443603515625,2036700.0
2019-03-14,206.6999969482422,207.4499969482422,205.72999572753906,207.3800048828125,185.08619689941406,1793400.0
2019-03-15,208.39999389648438,208.66000366210938,206.7899932861328,208.0800018310547,185.71095275878906,4394700.0
2019-03-18,208.44000244140625,208.60000610351562,205.61000061035156,208.49000549316406,186.0768585205078,1843600.0
2019-03-19,209.10000610351562,210.5399932861328,208.30999755859375,209.02000427246094,186.54989624023438,2351600.0
2019-03-20,209.0,210.50999450683594,207.2899932861328,208.3000030517578,185.90731811523438,1734600.0
2019-03-21,206.8000030517578,210.16000366210938,205.97000122070312,209.61000061035156,187.0764617919922,2288100.0
2019-03-22,208.2899932861328,208.49000549316406,204.47000122070312,204.66000366210938,182.6586151123047,2716100.0
2019-03-25,203.4600067138672,205.47000122070312,202.25,203.2100067138672,181.36447143554688,2020600.0
2019-03-26,205.0,207.63999938964844,204.77000427246094,207.24000549316406,184.96124267578125,1895600.0
2019-03-27,207.39999389648438,207.94000244140625,205.1300048828125,207.16000366210938,184.88983154296875,2004000.0
2019-03-28,208.0,208.74000549316406,206.63999938964844,208.52999877929688,186.11256408691406,1670600.0
2019-03-29,209.2899932861328,209.5,206.1999969482422,207.77999877929688,185.44317626953125,2858300.0
2019-04-01,209.88999938964844,212.38999938964844,209.25999450683594,211.94000244140625,189.156005859375,2588400.0
2019-04-02,212.24000549316406,212.6999969482422,211.0,212.1300048828125,189.32557678222656,1413500.0
2019-04-03,212.9499969482422,213.92999267578125,212.44000244140625,213.1300048828125,190.2180938720703,1570000.0
2019-04-04,213.5,215.27000427246094,212.3300018310547,215.02999877929688,191.913818359375,1560900.0
2019-04-05,215.8800048828125,216.49000549316406,214.8000030517578,215.41000366210938,192.25296020507812,1391100.0
2019-04-08,214.7100067138672,215.07000732421875,213.47000122070312,215.02000427246094,191.90487670898438,1130000.0
2019-04-09,214.4199981689453,214.57000732421875,211.82000732421875,211.9600067138672,189.17384338378906,1516500.0
2019-04-10,212.4199981689453,212.7100067138672,210.72000122070312,212.11000061035156,189.30772399902344,1348600.0
2019-04-11,211.7100067138672,213.7100067138672,211.44000244140625,213.52999877929688,190.57504272460938,1181200.0
2019-04-12,215.10000610351562,217.49000549316406,214.35000610351562,217.4199981689453,194.04689025878906,1922400.0
2019-04-15,216.83999633789062,217.36000061035156,214.89999389648438,215.8300018310547,192.62779235839844,1483300.0
2019-04-16,216.58999633789062,217.6699981689453,215.47999572753906,216.89999389648438,193.58277893066406,1549600.0
2019-04-17,217.6300048828125,219.3300018310547,217.17999267578125,217.63999938964844,194.2432098388672,1977600.0
2019-04-18,217.97999572753906,219.6699981689453,217.6199951171875,218.8800048828125,195.3499298095703,1780100.0
2019-04-22,217.3000030517578,219.39999389648438,217.27000427246094,218.5399932861328,195.0464630126953,1403500.0
2019-04-23,218.00999450683594,219.5500030517578,217.17999267578125,219.5,195.90328979492188,1561800.0
2019-04-24,219.0,219.75,218.10000610351562,219.0800018310547,195.52841186523438,2048900.0
2019-04-25,197.5399932861328,198.9600067138672,189.60000610351562,190.72000122070312,170.2171630859375,14646200.0
2019-04-26,190.52999877929688,192.25,189.36000061035156,191.6699981689453,171.06504821777344,4491300.0
2019-04-29,191.52000427246094,192.19000244140625,189.75,190.2100067138672,169.7620086669922,3803400.0
2019-04-30,190.86000061035156,190.86000061035156,186.5500030517578,189.50999450683594,169.13723754882812,4541000.0
2019-05-01,189.49000549316406,189.7100067138672,185.9199981689453,186.07000732421875,166.0670623779297,3818500.0
2019-05-02,184.5,186.5,183.3800048828125,184.75,164.88897705078125,5654900.0
2019-05-03,185.80999755859375,186.69000244140625,184.08999633789062,185.22000122070312,165.3084259033203,4747700.0
2019-05-06,182.0399932861328,183.11000061035156,180.1300048828125,183.0399932861328,163.36280822753906,6517600.0
2019-05-07,181.80999755859375,181.89999389648438,177.80999755859375,179.1199951171875,159.8642120361328,5415600.0
2019-05-08,179.50999450683594,180.52999877929688,178.5,178.58999633789062,159.3911895751953,2990500.0
2019-05-09,177.3000030517578,177.39999389648438,174.17999267578125,175.27999877929688,156.43704223632812,5098200.0
2019-05-10,175.02000427246094,176.3300018310547,173.00999450683594,175.86000061035156,156.9546661376953,5012300.0
2019-05-13,173.94000244140625,174.5800018310547,172.7899932861328,174.07000732421875,155.35711669921875,5916700.0
2019-05-14,174.7899932861328,176.97000122070312,174.50999450683594,175.2100067138672,156.37454223632812,4014000.0
2019-05-15,174.02000427246094,175.64999389648438,173.64999389648438,174.1199951171875,155.4017333984375,3015500.0
2019-05-16,174.38999938964844,174.38999938964844,171.36000061035156,171.80999755859375,153.34005737304688,4039500.0
2019-05-17,170.0,170.25999450683594,168.42999267578125,169.08999633789062,150.91244506835938,4595000.0
2019-05-20,167.9600067138672,167.9600067138672,165.61000061035156,166.25,148.37777709960938,4374600.0
2019-05-21,167.00999450683594,167.4199981689453,166.17999267578125,167.3000030517578,149.31488037109375,4148200.0
2019-05-22,167.42999267578125,170.75999450683594,166.4600067138672,169.74000549316406,151.49258422851562,4504200.0
2019-05-23,167.5800018310547,168.3000030517578,164.58999633789062,165.8699951171875,149.30523681640625,3830200.0
2019-05-24,166.33999633789062,167.4199981689453,165.32000732421875,166.08999633789062,149.50331115722656,2366900.0
2019-05-28,166.8000030517578,166.99000549316406,163.35000610351562,163.35000610351562,147.03689575195312,4875100.0
2019-05-29,163.00999450683594,163.8000030517578,160.5,161.39999389648438,145.2816619873047,3669000.0
2019-05-30,161.39999389648438,162.27000427246094,160.0,160.5800018310547,144.5435333251953,2478700.0
2019-05-31,159.8300018310547,160.74000549316406,159.6300048828125,159.75,143.7964324951172,3521900.0
2019-06-03,159.75,161.5,159.32000732421875,160.0399932861328,144.05746459960938,3726500.0
2019-06-04,161.72999572753906,165.08999633789062,161.5800018310547,164.2899932861328,147.883056640625,3746800.0
2019-06-05,165.13999938964844,165.8300018310547,162.8800048828125,163.85000610351562,147.48696899414062,3161600.0
2019-06-06,164.0,166.35000610351562,162.4600067138672,164.72000122070312,148.27012634277344,3581800.0
2019-06-07,165.55999755859375,167.08999633789062,164.63999938964844,166.61000061035156,149.97137451171875,2017700.0
2019-06-10,168.11000061035156,170.22000122070312,167.8699951171875,168.2899932861328,151.4835662841797,2257600.0
2019-06-11,169.91000366210938,170.36000061035156,168.5,168.91000366210938,152.04168701171875,2227200.0
2019-06-12,169.8699951171875,170.14999389648438,168.58999633789062,169.00999450683594,152.13168334960938,2166400.0
2019-06-13,169.36000061035156,169.89999389648438,167.8699951171875,168.85000610351562,151.9876708984375,2141500.0
2019-06-14,168.24000549316406,168.25,166.0500030517578,166.69000244140625,150.0433807373047,2719200.0
2019-06-17,167.10000610351562,167.42999267578125,166.4600067138672,166.77999877929688,150.12437438964844,1783300.0
2019-06-18,167.85000610351562,172.27000427246094,167.57000732421875,171.86000061035156,154.6970672607422,3623000.0
2019-06-19,171.8800048828125,172.80999755859375,170.5399932861328,170.75,153.6979217529297,2777400.0
2019-06-20,172.8699951171875,174.27999877929688,171.6999969482422,173.94000244140625,156.56935119628906,3064200.0
2019-06-21,173.75,174.55999755859375,172.6300048828125,173.35000610351562,156.03826904296875,4880800.0
2019-06-24,173.35000610351562,174.33999633789062,173.33999633789062,173.3800048828125,156.06527709960938,2711900.0
2019-06-25,173.25,173.38999938964844,171.27999877929688,172.02999877929688,154.85006713867188,2733200.0
2019-06-26,172.35000610351562,173.24000549316406,171.72000122070312,171.8800048828125,154.715087890625,1812200.0
2019-06-27,172.50999450683594,172.7899932861328,170.64999389648438,171.5,154.37303161621094,1718500.0
2019-06-28,171.85000610351562,174.3699951171875,171.77000427246094,173.33999633789062,156.02926635742188,3600800.0
2019-07-01,175.4600067138672,175.77999877929688,173.52000427246094,174.50999450683594,157.08241271972656,2106700.0
2019-07-02,175.10000610351562,175.10000610351562,173.07000732421875,174.02000427246094,156.64134216308594,1555400.0
2019-07-03,174.1699981689453,175.0399932861328,172.92999267578125,174.97999572753906,157.50547790527344,1170700.0
2019-07-05,173.0,173.27999877929688,169.72999572753906,172.0,154.82308959960938,1740500.0
2019-07-08,169.9199981689453,170.47999572753906,168.77000427246094,169.19000244140625,152.293701171875,2285300.0
2019-07-09,166.82000732421875,167.4499969482422,164.2899932861328,165.6999969482422,149.1522216796875,4536100.0
2019-07-10,166.19000244140625,167.32000732421875,165.57000732421875,165.6999969482422,149.1522216796875,2661700.0
2019-07-11,166.3000030517578,169.08999633789062,165.8699951171875,169.0399932861328,152.15867614746094,2814800.0
2019-07-12,170.10000610351562,173.36000061035156,169.25,173.33999633789062,156.02926635742188,3160700.0
2019-07-15,173.3800048828125,174.25,171.2100067138672,172.83999633789062,155.57919311523438,2187500.0
2019-07-16,172.75,177.25,172.72000122070312,176.49000549316406,158.86468505859375,3918900.0
2019-07-17,176.35000610351562,176.49000549316406,174.10000610351562,174.6699981689453,157.22642517089844,2947400.0
2019-07-18,174.4199981689453,175.13999938964844,172.39999389648438,173.05999755859375,155.7772216796875,2221800.0
2019-07-19,173.00999450683594,173.99000549316406,172.2100067138672,172.61000061035156,155.37216186523438,2360300.0
2019-07-22,172.80999755859375,175.2100067138672,172.1300048828125,174.63999938964844,157.1994171142578,2004400.0
2019-07-23,176.0,178.02000427246094,175.64999389648438,177.52000427246094,159.79180908203125,2360700.0
2019-07-24,176.92999267578125,180.2899932861328,176.25999450683594,179.4199981689453,161.50204467773438,3532300.0
2019-07-25,187.00999450683594,187.72000122070312,176.66000366210938,178.1300048828125,160.34091186523438,7362000.0
2019-07-26,177.6300048828125,178.38999938964844,170.57000732421875,173.97999572753906,156.6053466796875,4016100.0
2019-07-29,173.8300018310547,177.6199951171875,173.66000366210938,176.75999450683594,159.1077423095703,2638900.0
2019-07-30,175.66000366210938,177.80999755859375,173.8000030517578,177.6300048828125,159.89085388183594,1978900.0
2019-07-31,177.64999389648438,178.02000427246094,173.39999389648438,174.72000122070312,157.27145385742188,3015800.0
2019-08-01,174.7899932861328,177.6699981689453,173.02999877929688,173.36000061035156,156.0472869873047,2381200.0
2019-08-02,172.86000061035156,172.9199981689453,169.80999755859375,170.5500030517578,153.5178985595703,2423100.0
2019-08-05,168.9499969482422,169.02000427246094,164.4199981689453,164.7100067138672,148.2611083984375,2894700.0
2019-08-06,164.82000732421875,165.47999572753906,162.89999389648438,163.7100067138672,147.36097717285156,3494800.0
2019-08-07,162.0,163.9499969482422,158.0399932861328,163.63999938964844,147.29794311523438,5993200.0
2019-08-08,164.3699951171875,165.49000549316406,163.5500030517578,164.22000122070312,147.82003784179688,3260100.0
2019-08-09,164.5399932861328,164.75,162.02999877929688,163.47000122070312,147.14492797851562,1582100.0
2019-08-12,163.02000427246094,164.77999877929688,161.5500030517578,162.10000610351562,145.91175842285156,1473800.0
2019-08-13,162.55999755859375,167.8800048828125,162.14999389648438,164.8800048828125,148.4141082763672,3244600.0
2019-08-14,162.5,162.8699951171875,158.6699981689453,158.80999755859375,142.9503173828125,4056100.0
2019-08-15,158.05999755859375,159.6999969482422,155.6300048828125,156.83999633789062,142.4688720703125,4452700.0
2019-08-16,157.83999633789062,161.91000366210938,157.4499969482422,161.5,146.70188903808594,3481800.0
2019-08-19,163.7100067138672,163.9499969482422,161.77999877929688,162.9499969482422,148.01901245117188,3198000.0
2019-08-20,163.11000061035156,163.11000061035156,160.9600067138672,161.00999450683594,146.25677490234375,2061700.0
2019-08-21,162.69000244140625,163.64999389648438,161.0500030517578,161.14999389648438,146.38392639160156,1623600.0
2019-08-22,162.0,162.92999267578125,160.14999389648438,160.8800048828125,146.13870239257812,1441600.0
2019-08-23,160.0800018310547,160.35000610351562,155.27000427246094,155.85000610351562,141.56959533691406,4223900.0
2019-08-26,157.00999450683594,157.47000122070312,155.0800018310547,156.1199951171875,141.8148193359375,2215300.0
2019-08-27,157.3300018310547,157.47999572753906,155.39999389648438,155.75,141.47874450683594,2281100.0
2019-08-28,155.10000610351562,157.77999877929688,154.0,157.5500030517578,143.11380004882812,2346900.0
2019-08-29,159.3000030517578,161.02999877929688,159.0500030517578,160.36000061035156,145.6663360595703,3170500.0
2019-08-30,161.57000732421875,162.14999389648438,160.41000366210938,161.72000122070312,146.90174865722656,1967000.0
2019-09-03,161.39999389648438,161.6300048828125,157.25999450683594,158.63999938964844,144.10394287109375,1835800.0
2019-09-04,159.8300018310547,160.6300048828125,158.99000549316406,160.07000732421875,145.4029083251953,1506600.0
2019-09-05,162.5,166.41000366210938,162.38999938964844,164.22999572753906,149.18173217773438,2421400.0
2019-09-06,164.63999938964844,164.8800048828125,162.9499969482422,163.94000244140625,148.9182891845703,1762300.0
2019-09-09,165.0,167.85000610351562,164.69000244140625,165.94000244140625,150.7350311279297,3091300.0
2019-09-10,166.16000366210938,169.10000610351562,166.00999450683594,168.86000061035156,153.38748168945312,3240200.0
2019-09-11,169.86000061035156,169.88999938964844,165.3699951171875,168.0800018310547,152.678955078125,3579100.0
2019-09-12,169.6199951171875,171.85000610351562,168.61000061035156,170.5800018310547,154.94989013671875,2870400.0
2019-09-13,170.58999633789062,172.47999572753906,169.86000061035156,171.44000244140625,155.73106384277344,2534200.0
2019-09-16,171.2100067138672,171.2100067138672,167.91000366210938,169.6699981689453,154.12330627441406,2459300.0
2019-09-17,167.75999450683594,168.57000732421875,166.5,168.07000732421875,152.66990661621094,2716400.0
2019-09-18,167.61000061035156,168.0500030517578,165.25,167.44000244140625,152.09762573242188,2096700.0
2019-09-19,167.38999938964844,168.80999755859375,166.91000366210938,167.07000732421875,151.76150512695312,1623000.0
2019-09-20,167.42999267578125,169.1699981689453,166.47999572753906,166.75999450683594,151.47991943359375,3698900.0
2019-09-23,165.49000549316406,167.42999267578125,164.5,166.75999450683594,151.47991943359375,1938600.0
2019-09-24,167.0500030517578,167.5500030517578,164.16000366210938,164.74000549316406,149.6449737548828,2986800.0
2019-09-25,164.75999450683594,164.97999572753906,163.69000244140625,164.0,148.97280883789062,2758200.0
2019-09-26,164.0,164.41000366210938,162.8000030517578,163.8300018310547,148.81838989257812,2763300.0
2019-09-27,164.47999572753906,165.63999938964844,163.52000427246094,164.52999877929688,149.45425415039062,2870300.0
2019-09-30,165.2100067138672,165.57000732421875,163.94000244140625,164.39999389648438,149.3361358642578,2508500.0
2019-10-01,165.0,165.2100067138672,158.1699981689453,158.3800048828125,143.8677520751953,3271500.0
2019-10-02,157.05999755859375,157.22000122070312,154.6300048828125,155.64999389648438,141.38792419433594,2972300.0
2019-10-03,155.13999938964844,155.4600067138672,150.80999755859375,155.22999572753906,141.0063934326172,3025700.0
2019-10-04,155.22999572753906,156.0500030517578,154.39999389648438,155.82000732421875,141.54234313964844,2646400.0
2019-10-07,155.0,155.35000610351562,153.52000427246094,153.52000427246094,139.4530792236328,2471200.0
2019-10-08,152.3300018310547,152.8000030517578,150.5800018310547,150.74000549316406,136.9278106689453,2781800.0
2019-10-09,152.33999633789062,152.44000244140625,150.7899932861328,150.99000549316406,137.15489196777344,3358600.0
2019-10-10,150.9499969482422,153.08999633789062,150.8699951171875,152.30999755859375,138.35394287109375,3192000.0
2019-10-11,154.1300048828125,159.60000610351562,154.11000061035156,158.10000610351562,143.61343383789062,4670200.0
2019-10-14,158.0399932861328,162.38999938964844,157.33999633789062,160.50999450683594,145.80259704589844,3269800.0
2019-10-15,159.35000610351562,164.02000427246094,159.35000610351562,162.97999572753906,148.04624938964844,3098600.0
2019-10-16,163.10000610351562,164.1999969482422,162.1199951171875,162.17999267578125,147.3195343017578,1935200.0
2019-10-17,163.13999938964844,165.49000549316406,163.0800018310547,163.5399932861328,148.55494689941406,1944600.0
2019-10-18,163.55999755859375,164.27000427246094,162.97999572753906,163.10000610351562,148.1552734375,2693700.0
2019-10-21,165.47000122070312,166.14999389648438,164.75999450683594,165.94000244140625,150.7350311279297,1998600.0
2019-10-22,166.27000427246094,168.91000366210938,165.10000610351562,167.5399932861328,152.1884307861328,2064000.0
2019-10-23,167.41000366210938,168.75999450683594,166.55999755859375,168.75999450683594,153.29664611816406,2712300.0
2019-10-24,165.16000366210938,165.25,159.6300048828125,161.88999938964844,147.05616760253906,5953300.0
2019-10-25,162.50999450683594,167.6300048828125,162.1300048828125,166.08999633789062,150.87130737304688,3104800.0
2019-10-28,166.47999572753906,169.7100067138672,166.1999969482422,169.05999755859375,153.56918334960938,3138000.0
2019-10-29,168.02999877929688,169.9499969482422,167.50999450683594,168.80999755859375,153.34205627441406,2669400.0
2019-10-30,168.22999572753906,168.57000732421875,167.02999877929688,168.3699951171875,152.94239807128906,1780400.0
2019-10-31,168.50999450683594,168.55999755859375,163.5500030517578,164.99000549316406,149.87210083007812,2653100.0
2019-11-01,166.94000244140625,170.14999389648438,166.72000122070312,170.08999633789062,154.5048065185547,2467400.0
2019-11-04,171.6199951171875,175.0,171.6199951171875,174.89999389648438,158.87403869628906,4142800.0
2019-11-05,175.0,175.4600067138672,173.77000427246094,175.27000427246094,159.21014404296875,2304400.0
2019-11-06,174.91000366210938,175.0,172.36000061035156,174.0,158.0565185546875,3012900.0
2019-11-07,175.72999572753906,176.7100067138672,173.7899932861328,174.52000427246094,158.52886962890625,3358800.0
2019-11-08,174.5800018310547,174.8699951171875,172.11000061035156,173.14999389648438,157.28440856933594,1615600.0
2019-11-11,172.5,172.5,169.64999389648438,170.11000061035156,154.52296447753906,2664300.0
2019-11-12,170.36000061035156,172.07000732421875,170.02999877929688,170.83999633789062,155.1860809326172,1740400.0
2019-11-13,170.11000061035156,171.38999938964844,169.5800018310547,170.5500030517578,154.9226531982422,1638800.0
2019-11-14,169.97999572753906,172.32000732421875,169.92999267578125,170.92999267578125,155.26780700683594,1613900.0
2019-11-15,171.66000366210938,172.69000244140625,171.0399932861328,171.8800048828125,156.1307830810547,2616900.0
2019-11-18,170.7899932861328,171.1999969482422,169.1699981689453,170.5399932861328,154.91355895996094,2364600.0
2019-11-19,171.72000122070312,171.72000122070312,169.52999877929688,170.67999267578125,155.0407257080078,1791800.0
2019-11-20,169.7899932861328,170.0,167.14999389648438,167.77000427246094,152.39736938476562,2689500.0
2019-11-21,166.8800048828125,167.0,164.50999450683594,165.13999938964844,151.3070526123047,3605900.0
2019-11-22,165.5,167.75,165.0,167.60000610351562,153.56100463867188,3268300.0
2019-11-25,168.47000122070312,170.36000061035156,167.8699951171875,170.24000549316406,155.9798583984375,2761900.0
2019-11-26,169.8000030517578,170.25,168.7100067138672,169.22999572753906,155.05445861816406,2610900.0
2019-11-27,170.0,171.3699951171875,169.50999450683594,170.61000061035156,156.31884765625,1331500.0
2019-11-29,170.42999267578125,170.5800018310547,169.25999450683594,169.77000427246094,155.54922485351562,942500.0
2019-12-02,170.16000366210938,171.6999969482422,168.24000549316406,168.27000427246094,154.1748504638672,2342200.0
2019-12-03,166.5,166.60000610351562,164.39999389648438,165.1699981689453,151.33453369140625,2702000.0
2019-12-04,166.4199981689453,168.8699951171875,166.0,167.13999938964844,153.1395263671875,2139200.0
2019-12-05,167.22000122070312,167.8699951171875,162.72000122070312,164.3699951171875,150.60154724121094,3309300.0
2019-12-06,167.25,171.99000549316406,167.25,171.47000122070312,157.1068115234375,3880000.0
2019-12-09,169.39999389648438,171.25999450683594,168.7899932861328,169.8300018310547,155.60418701171875,2058200.0
2019-12-10,169.1300048828125,169.38999938964844,166.97000122070312,167.66000366210938,153.61593627929688,2670500.0
2019-12-11,168.3800048828125,168.83999633789062,167.3300018310547,168.74000549316406,154.6055145263672,1859000.0
2019-12-12,166.72999572753906,170.85000610351562,166.3300018310547,168.55999755859375,154.4405517578125,2872400.0
2019-12-13,169.6199951171875,171.1199951171875,168.0800018310547,168.7899932861328,154.65127563476562,2098000.0
2019-12-16,168.94000244140625,170.8300018310547,168.19000244140625,170.75,156.44711303710938,2917200.0
2019-12-17,170.35000610351562,171.7899932861328,169.2100067138672,169.92999267578125,155.69578552246094,2672600.0
2019-12-18,169.77999877929688,170.0,168.19000244140625,169.02999877929688,154.8711700439453,2270400.0
2019-12-19,169.6199951171875,172.5800018310547,169.14999389648438,172.14999389648438,157.72984313964844,2757600.0
2019-12-20,174.7899932861328,175.47000122070312,172.1999969482422,175.3699951171875,160.6801300048828,7513000.0
2019-12-23,176.7100067138672,179.17999267578125,176.55999755859375,178.47000122070312,163.5204315185547,4876300.0
2019-12-24,178.27000427246094,178.6699981689453,176.0399932861328,176.67999267578125,161.88038635253906,1259500.0
2019-12-26,176.4499969482422,176.66000366210938,175.5,176.58999633789062,161.7979278564453,1435200.0
2019-12-27,176.64999389648438,177.5399932861328,175.6199951171875,177.25999450683594,162.4118194580078,1472900.0
2019-12-30,177.25999450683594,178.9600067138672,175.58999633789062,175.8300018310547,161.10162353515625,1715100.0
2019-12-31,175.22999572753906,176.58999633789062,175.07000732421875,176.4199981689453,161.64218139648438,1573500.0
2020-01-02,177.67999267578125,180.00999450683594,177.13999938964844,180.0,164.9222869873047,3601700.0
2020-01-03,177.02000427246094,178.66000366210938,175.6300048828125,178.4499969482422,163.5021209716797,2466900.0
2020-01-06,177.14999389648438,178.7100067138672,176.35000610351562,178.6199951171875,163.6578826904297,1998000.0
2020-01-07,178.27999877929688,178.50999450683594,176.82000732421875,177.89999389648438,162.99819946289062,2173000.0
2020-01-08,178.0,181.5,177.64999389648438,180.6300048828125,165.49954223632812,2758300.0
2020-01-09,181.50999450683594,181.58999633789062,179.75999450683594,181.1999969482422,166.0217742919922,2746300.0
2020-01-10,181.61000061035156,182.17999267578125,180.13999938964844,180.47000122070312,165.3529510498047,2103800.0
2020-01-13,180.94000244140625,182.22999572753906,180.36000061035156,180.9199981689453,165.76524353027344,2090800.0
2020-01-14,180.9199981689453,182.5500030517578,180.2100067138672,181.3699951171875,166.1775360107422,2911200.0
2020-01-15,181.4199981689453,181.86000061035156,179.17999267578125,179.77999877929688,164.72071838378906,2482200.0
2020-01-16,180.67999267578125,181.1999969482422,179.69000244140625,181.00999450683594,165.8477020263672,2149900.0
2020-01-17,181.0,182.14999389648438,180.6999969482422,181.35000610351562,166.15921020507812,3690100.0
2020-01-21,181.85000610351562,181.91000366210938,178.6300048828125,179.38999938964844,164.36337280273438,3367700.0
2020-01-22,179.50999450683594,180.57000732421875,177.8800048828125,178.02999877929688,163.11729431152344,2420200.0
2020-01-23,177.07000732421875,178.44000244140625,176.38999938964844,177.74000549316406,162.85162353515625,2358400.0
2020-01-24,178.49000549316406,179.80999755859375,177.52999877929688,178.14999389648438,163.2272491455078,2643100.0
2020-01-27,179.86000061035156,180.58999633789062,175.5399932861328,175.6300048828125,160.91836547851562,4361400.0
2020-01-28,171.89999389648438,172.33999633789062,165.0500030517578,165.5800018310547,151.71018981933594,8920700.0
2020-01-29,166.35000610351562,166.47000122070312,161.52999877929688,162.0,148.43006896972656,5343900.0
2020-01-30,161.0,162.63999938964844,158.75999450683594,162.50999450683594,148.8973388671875,4357100.0
2020-01-31,162.0,162.64999389648438,158.22999572753906,158.66000366210938,145.3698272705078,5740300.0
2020-02-03,160.02999877929688,160.30999755859375,156.3800048828125,156.58999633789062,143.47323608398438,3925500.0
2020-02-04,159.77000427246094,159.9600067138672,157.0,157.24000549316406,144.0688018798828,4363900.0
2020-02-05,159.1199951171875,162.3300018310547,158.6999969482422,162.3300018310547,148.73245239257812,3118200.0
2020-02-06,164.49000549316406,165.0,162.47000122070312,162.88999938964844,149.24549865722656,3413800.0
2020-02-07,161.41000366210938,161.9199981689453,159.6300048828125,160.0800018310547,146.6708984375,2736200.0
2020-02-10,160.2100067138672,161.25999450683594,158.8699951171875,160.14999389648438,146.73501586914062,2754800.0
2020-02-11,161.0,162.52000427246094,160.02000427246094,162.4499969482422,148.84237670898438,2275100.0
2020-02-12,164.24000549316406,165.0399932861328,163.57000732421875,163.8000030517578,150.07933044433594,2736400.0
2020-02-13,161.75999450683594,161.8699951171875,159.0,159.75999450683594,147.70326232910156,3413900.0
2020-02-14,159.85000610351562,161.13999938964844,158.82000732421875,161.00999450683594,148.85890197753906,2233500.0
2020-02-18,160.36000061035156,160.52999877929688,158.0399932861328,158.8800048828125,146.88966369628906,2478900.0
2020-02-19,159.0800018310547,160.47000122070312,158.36000061035156,159.33999633789062,147.31495666503906,2296400.0
2020-02-20,159.0,161.38999938964844,158.5,158.55999755859375,146.5937957763672,3275100.0
2020-02-21,158.3300018310547,158.58999633789062,156.1199951171875,156.92999267578125,145.08682250976562,3535300.0
2020-02-24,154.4499969482422,154.7100067138672,152.22000122070312,152.5500030517578,141.03736877441406,3635600.0
2020-02-25,153.30999755859375,153.44000244140625,145.97000122070312,146.85000610351562,135.76754760742188,5263400.0
2020-02-26,149.57000732421875,151.82000732421875,148.08999633789062,148.9600067138672,137.71829223632812,5152100.0
2020-02-27,151.22999572753906,155.42999267578125,149.0,150.16000366210938,138.82774353027344,8241600.0
2020-02-28,154.08999633789062,156.72000122070312,146.0,149.24000549316406,137.9771728515625,11499700.0
2020-03-02,151.33999633789062,153.42999267578125,148.3699951171875,153.02000427246094,141.471923828125,8026300.0
2020-03-03,152.44000244140625,154.0,144.44000244140625,145.24000549316406,134.27902221679688,8296500.0
2020-03-04,147.02000427246094,154.0,145.99000549316406,153.97999572753906,142.3594512939453,5773800.0
2020-03-05,150.8000030517578,154.35000610351562,149.5500030517578,151.41000366210938,139.98341369628906,5887000.0
2020-03-06,149.58999633789062,154.74000549316406,147.8699951171875,153.64999389648438,142.05433654785156,7155100.0
2020-03-09,146.58999633789062,149.4600067138672,143.5500030517578,144.05999755859375,133.18807983398438,8194400.0
2020-03-10,149.02000427246094,153.3800048828125,144.8800048828125,153.3000030517578,141.7307891845703,5651700.0
2020-03-11,149.72999572753906,149.72999572753906,146.47000122070312,147.24000549316406,136.12811279296875,4748200.0
2020-03-12,139.9600067138672,141.7100067138672,130.33999633789062,133.5800018310547,123.49900817871094,8215800.0
2020-03-13,141.00999450683594,141.69000244140625,131.0,141.67999267578125,130.98770141601562,6580300.0
2020-03-16,129.86000061035156,135.5,128.00999450683594,130.91000366210938,121.0304946899414,7440800.0
2020-03-17,131.94000244140625,136.77000427246094,129.61000061035156,134.44000244140625,124.29410552978516,6535400.0
2020-03-18,128.4600067138672,139.3699951171875,128.38999938964844,137.02000427246094,126.67938995361328,6860400.0
2020-03-19,137.7100067138672,140.17999267578125,132.92999267578125,137.50999450683594,127.13243103027344,6365700.0
2020-03-20,138.07000732421875,139.24000549316406,122.70999908447266,124.88999938964844,115.46482849121094,9589200.0
2020-03-23,128.16000366210938,128.39999389648438,114.04000091552734,117.87000274658203,108.97460174560547,7934300.0
2020-03-24,122.29000091552734,133.4499969482422,121.0,132.72000122070312,122.70390319824219,9311700.0
2020-03-25,133.14999389648438,134.69000244140625,126.80000305175781,131.5399932861328,121.61294555664062,7742500.0
2020-03-26,131.7899932861328,136.3800048828125,130.61000061035156,136.17999267578125,125.90276336669922,6717000.0
2020-03-27,132.8300018310547,137.07000732421875,130.91000366210938,133.24000549316406,123.1846694946289,4262300.0
2020-03-30,132.25,138.00999450683594,131.05999755859375,137.74000549316406,127.34503936767578,3869500.0
2020-03-31,135.69000244140625,139.44000244140625,135.67999267578125,136.50999450683594,126.2078857421875,3613700.0
2020-04-01,132.0,135.83999633789062,131.00999450683594,133.13999938964844,123.09220886230469,3777600.0
2020-04-02,132.36000061035156,138.2100067138672,132.10000610351562,137.91000366210938,127.50220489501953,3990300.0
2020-04-03,136.00999450683594,137.44000244140625,132.89999389648438,133.7899932861328,123.69314575195312,3588300.0
2020-04-06,137.86000061035156,141.25,136.89999389648438,140.6999969482422,130.08164978027344,5639700.0
2020-04-07,147.5,150.63999938964844,144.39999389648438,144.60000610351562,133.68736267089844,5496300.0
2020-04-08,145.72999572753906,149.72000122070312,143.91000366210938,148.99000549316406,137.7460479736328,3071100.0
2020-04-09,148.4600067138672,149.72999572753906,146.5399932861328,147.77999877929688,136.62734985351562,4783700.0
2020-04-13,147.5,148.5800018310547,145.3000030517578,146.39999389648438,135.3514862060547,2642300.0
2020-04-14,149.6199951171875,150.97999572753906,148.0500030517578,150.13999938964844,138.80926513671875,3318400.0
2020-04-15,148.19000244140625,148.5500030517578,144.89999389648438,145.16000366210938,134.20509338378906,3043900.0
2020-04-16,145.27000427246094,146.4499969482422,143.22999572753906,144.89999389648438,133.96469116210938,4170400.0
2020-04-17,147.44000244140625,148.5,144.8000030517578,146.4600067138672,135.406982421875,5393100.0
2020-04-20,144.75,147.02000427246094,143.64999389648438,143.6699981689453,132.82752990722656,2893000.0
2020-04-21,142.25,142.77000427246094,140.5,141.6300048828125,130.94146728515625,2331100.0
2020-04-22,143.36000061035156,144.47999572753906,141.7100067138672,143.61000061035156,132.7720489501953,2749600.0
2020-04-23,144.5800018310547,147.5800018310547,143.8800048828125,144.3300018310547,133.43771362304688,2585300.0
2020-04-24,145.1699981689453,147.33999633789062,144.30999755859375,147.0,135.90621948242188,2247100.0
2020-04-27,148.0,154.49000549316406,147.88999938964844,153.64999389648438,142.05433654785156,4644900.0
2020-04-28,160.02999877929688,163.0800018310547,155.1999969482422,157.61000061035156,145.7154998779297,8294100.0
2020-04-29,158.5399932861328,160.22000122070312,155.1699981689453,156.25999450683594,144.4673614501953,3987100.0
2020-04-30,154.30999755859375,154.94000244140625,151.75,151.9199981689453,140.4549102783203,3667800.0
2020-05-01,149.3000030517578,150.0399932861328,147.72999572753906,148.60000610351562,137.3854522705078,2926400.0
2020-05-04,148.5399932861328,148.55999755859375,146.05999755859375,148.39999389648438,137.2005615234375,2229800.0
2020-05-05,149.88999938964844,150.0,147.10000610351562,147.42999267578125,136.30374145507812,2269200.0
2020-05-06,147.7899932861328,148.1699981689453,145.99000549316406,146.1999969482422,135.16659545898438,2168600.0
2020-05-07,147.6999969482422,147.85000610351562,144.89999389648438,145.74000549316406,134.74131774902344,2800800.0
2020-05-08,147.0800018310547,149.17999267578125,146.3800048828125,148.50999450683594,137.30226135253906,2169700.0
2020-05-11,147.82000732421875,147.9600067138672,145.58999633789062,145.72999572753906,134.7320556640625,3034600.0
2020-05-12,146.5500030517578,147.22000122070312,141.4499969482422,141.52000427246094,130.83981323242188,3030000.0
2020-05-13,140.7100067138672,140.72999572753906,135.0,136.1199951171875,125.84729766845703,4806000.0
2020-05-14,135.0,136.14999389648438,131.1199951171875,135.99000549316406,125.72713470458984,5897700.0
2020-05-15,134.52999877929688,138.8699951171875,134.1999969482422,138.69000244140625,128.223388671875,10113700.0
2020-05-18,143.16000366210938,149.72000122070312,142.50999450683594,149.27000427246094,138.0049285888672,6017100.0
2020-05-19,148.5,151.64999389648438,147.3699951171875,148.3800048828125,137.1820526123047,4059900.0
2020-05-20,149.8699951171875,151.42999267578125,148.8300018310547,149.67999267578125,138.38394165039062,3428800.0
2020-05-21,147.74000549316406,148.63999938964844,145.33999633789062,145.80999755859375,136.14308166503906,2789100.0
2020-05-22,145.74000549316406,146.63999938964844,144.60000610351562,146.44000244140625,136.73130798339844,2661400.0
2020-05-26,150.42999267578125,152.97999572753906,149.1999969482422,152.0800018310547,141.9973907470703,4616300.0
2020-05-27,153.99000549316406,158.16000366210938,153.33999633789062,158.14999389648438,147.66493225097656,6056300.0
2020-05-28,158.7100067138672,159.8699951171875,154.1300048828125,156.82000732421875,146.4231414794922,6730700.0
2020-05-29,155.5,156.8699951171875,153.0500030517578,156.44000244140625,146.06834411621094,8632200.0
2020-06-01,155.9499969482422,157.5500030517578,154.88999938964844,155.5800018310547,145.26535034179688,2083400.0
2020-06-02,156.75,158.60000610351562,156.6300048828125,157.63999938964844,147.1887664794922,2333800.0
2020-06-03,159.35000610351562,161.66000366210938,158.52000427246094,161.2100067138672,150.52207946777344,3674300.0
2020-06-04,159.75999450683594,162.5800018310547,159.17999267578125,162.5500030517578,151.77322387695312,2880700.0
2020-06-05,165.0,168.35000610351562,165.0,167.41000366210938,156.31103515625,4527200.0
2020-06-08,167.10000610351562,169.5399932861328,165.27000427246094,166.8699951171875,155.8068389892578,2987600.0
2020-06-09,165.47999572753906,167.9600067138672,164.0800018310547,166.6999969482422,155.6481170654297,3161600.0
2020-06-10,166.89999389648438,167.33999633789062,163.80999755859375,163.89999389648438,153.0337371826172,2551300.0
2020-06-11,160.05999755859375,160.25,152.30999755859375,152.3800048828125,142.2775115966797,5016600.0
2020-06-12,156.27999877929688,157.4199981689453,151.72999572753906,154.8699951171875,144.60240173339844,2998800.0
2020-06-15,150.8800048828125,159.6199951171875,150.49000549316406,157.72999572753906,147.27279663085938,4093800.0
2020-06-16,162.85000610351562,163.3800048828125,156.88999938964844,159.6699981689453,149.0841827392578,3386700.0
2020-06-17,160.1999969482422,160.8699951171875,158.97000122070312,159.22000122070312,148.66403198242188,1714600.0
2020-06-18,158.07000732421875,159.8300018310547,157.58999633789062,159.2100067138672,148.65467834472656,1806100.0
2020-06-19,161.35000610351562,162.08999633789062,156.47000122070312,158.14999389648438,147.66493225097656,6405200.0
2020-06-22,157.0,157.4199981689453,155.47999572753906,156.69000244140625,146.3017578125,2020900.0
2020-06-23,157.9600067138672,158.6699981689453,156.24000549316406,157.83999633789062,147.37548828125,2301800.0
2020-06-24,156.2899932861328,156.72999572753906,151.7100067138672,152.22000122070312,142.12808227539062,3042800.0
2020-06-25,152.0500030517578,155.0500030517578,150.10000610351562,154.6699981689453,144.41567993164062,2060700.0
2020-06-26,154.60000610351562,154.77999877929688,151.52999877929688,152.52000427246094,142.40821838378906,2826400.0
2020-06-29,153.89999389648438,156.50999450683594,153.47999572753906,155.57000732421875,145.25599670410156,2145100.0
2020-06-30,154.91000366210938,156.7100067138672,154.0500030517578,155.99000549316406,145.64817810058594,2941600.0
2020-07-01,156.33999633789062,157.8000030517578,155.30999755859375,155.42999267578125,145.1252899169922,1625600.0
2020-07-02,157.6199951171875,158.8800048828125,156.4600067138672,157.0399932861328,146.6285400390625,1982800.0
2020-07-06,158.8699951171875,159.9600067138672,157.0500030517578,158.10000610351562,147.6182861328125,2099500.0
2020-07-07,156.0800018310547,157.10000610351562,154.69000244140625,154.82000732421875,144.5557403564453,1571700.0
2020-07-08,155.07000732421875,155.60000610351562,153.8699951171875,154.5800018310547,144.3316192626953,1662000.0
2020-07-09,153.9199981689453,154.72000122070312,151.0399932861328,151.4499969482422,141.40916442871094,2190000.0
2020-07-10,151.69000244140625,153.25,150.99000549316406,152.85000610351562,142.7163543701172,1954500.0
2020-07-13,154.35000610351562,156.92999267578125,154.16000366210938,154.8000030517578,144.5370635986328,2217800.0
2020-07-14,154.8000030517578,159.22999572753906,153.9199981689453,158.5399932861328,148.02908325195312,3198900.0
2020-07-15,159.97999572753906,161.3800048828125,159.25,159.3300018310547,148.7667236328125,3472300.0
2020-07-16,159.25,160.91000366210938,158.0399932861328,160.5,149.85914611816406,1801500.0
2020-07-17,160.86000061035156,161.55999755859375,159.50999450683594,159.8300018310547,149.2335662841797,2551700.0
2020-07-20,158.85000610351562,158.8699951171875,156.3699951171875,156.3699951171875,146.00294494628906,1790100.0
2020-07-21,157.0,159.6300048828125,156.99000549316406,157.8000030517578,147.33815002441406,2757200.0
2020-07-22,157.42999267578125,159.92999267578125,157.02000427246094,158.7100067138672,148.18783569335938,1899600.0
2020-07-23,159.0,159.64999389648438,158.36000061035156,159.2899932861328,148.7293701171875,2695100.0
2020-07-24,160.0500030517578,161.60000610351562,158.72000122070312,159.83999633789062,149.2428741455078,2524700.0
2020-07-27,159.52999877929688,163.3800048828125,159.3300018310547,163.24000549316406,152.41751098632812,3198500.0
2020-07-28,155.47000122070312,157.47999572753906,153.8000030517578,155.3300018310547,145.03192138671875,7738800.0
2020-07-29,156.5,157.52999877929688,154.9199981689453,156.25,145.8909149169922,3322700.0
2020-07-30,154.30999755859375,154.72000122070312,151.36000061035156,152.1199951171875,142.03472900390625,3113000.0
2020-07-31,151.67999267578125,151.75,148.8000030517578,150.47000122070312,140.49415588378906,3266400.0
2020-08-03,151.08999633789062,151.4199981689453,149.30999755859375,150.41000366210938,140.4381103515625,2264900.0
2020-08-04,149.89999389648438,151.24000549316406,149.66000366210938,151.2100067138672,141.18507385253906,1935500.0
2020-08-05,152.16000366210938,155.39999389648438,152.10000610351562,155.35000610351562,145.0506134033203,2644400.0
2020-08-06,155.92999267578125,156.49000549316406,154.67999267578125,156.0,145.65750122070312,2885800.0
2020-08-07,155.99000549316406,158.4199981689453,155.07000732421875,158.3300018310547,147.8330535888672,2184300.0
2020-08-10,158.5500030517578,161.60000610351562,158.5500030517578,161.44000244140625,150.73683166503906,2272800.0
2020-08-11,164.1300048828125,166.63999938964844,163.0399932861328,163.3800048828125,152.54823303222656,3764500.0
2020-08-12,165.0,165.9499969482422,163.35000610351562,164.25999450683594,153.369873046875,2079200.0
2020-08-13,165.52000427246094,167.49000549316406,164.75,165.86000061035156,154.8638153076172,2884000.0
2020-08-14,164.61000061035156,166.3000030517578,164.52000427246094,166.10000610351562,155.087890625,1607300.0
2020-08-17,165.1699981689453,166.3699951171875,163.64999389648438,164.7100067138672,153.7900390625,2068100.0
2020-08-18,164.42999267578125,165.44000244140625,163.75999450683594,164.3800048828125,153.48194885253906,1519100.0
2020-08-19,164.94000244140625,165.69000244140625,163.77999877929688,163.97000122070312,153.09910583496094,2012800.0
2020-08-20,163.02000427246094,163.66000366210938,162.3800048828125,162.97000122070312,152.16539001464844,1990300.0
2020-08-21,160.92999267578125,162.69000244140625,160.74000549316406,161.7100067138672,152.36328125,2005600.0
2020-08-24,161.5500030517578,163.9499969482422,161.14999389648438,163.52999877929688,154.07806396484375,2604400.0
2020-08-25,164.86000061035156,165.25,162.4199981689453,163.10000610351562,153.67294311523438,1938500.0
2020-08-26,162.8699951171875,164.77000427246094,161.69000244140625,163.89999389648438,154.4266815185547,2503400.0
2020-08-27,164.5,165.36000061035156,163.17999267578125,164.0800018310547,154.59628295898438,2325900.0
2020-08-28,164.63999938964844,166.1699981689453,163.9199981689453,165.66000366210938,156.08494567871094,3046300.0
2020-08-31,165.16000366210938,165.75,162.08999633789062,163.02000427246094,153.59754943847656,2881100.0
2020-09-01,162.1699981689453,165.5500030517578,161.63999938964844,164.8000030517578,155.27468872070312,2901100.0
2020-09-02,165.16000366210938,170.0,165.13999938964844,169.50999450683594,159.71243286132812,3943700.0
2020-09-03,170.0,170.4199981689453,164.99000549316406,166.30999755859375,156.69737243652344,3481300.0
2020-09-04,168.17999267578125,169.11000061035156,163.89999389648438,165.77000427246094,156.1885986328125,3267000.0
2020-09-08,165.5800018310547,165.6300048828125,161.8800048828125,163.1699981689453,153.73887634277344,2863900.0
2020-09-09,164.0,167.33999633789062,164.0,165.6999969482422,156.12266540527344,2721700.0
2020-09-10,166.24000549316406,166.6699981689453,162.75,163.14999389648438,153.72003173828125,2054200.0
2020-09-11,163.44000244140625,166.6999969482422,163.05999755859375,166.1699981689453,156.5654754638672,1698500.0
2020-09-14,167.66000366210938,169.42999267578125,166.42999267578125,168.4600067138672,158.72314453125,2264200.0
2020-09-15,169.8699951171875,169.92999267578125,166.1699981689453,166.57000732421875,156.94236755371094,2056300.0
2020-09-16,167.8699951171875,171.10000610351562,167.50999450683594,169.50999450683594,159.71243286132812,2931700.0
2020-09-17,168.0,173.1999969482422,167.19000244140625,172.3800048828125,162.4165496826172,2756100.0
2020-09-18,172.05999755859375,172.77999877929688,169.47000122070312,169.5500030517578,159.7501220703125,4084500.0
2020-09-21,165.97999572753906,166.6699981689453,159.63999938964844,161.36000061035156,152.03350830078125,3911700.0
2020-09-22,161.05999755859375,163.6699981689453,160.4199981689453,162.33999633789062,152.9568634033203,2103800.0
2020-09-23,162.52000427246094,164.24000549316406,159.1199951171875,159.50999450683594,150.2904510498047,2248200.0
2020-09-24,159.39999389648438,161.9600067138672,158.07000732421875,160.4199981689453,151.1478271484375,1569700.0
2020-09-25,159.30999755859375,160.97999572753906,158.86000061035156,160.27000427246094,151.00650024414062,1948900.0
2020-09-28,162.0,164.13999938964844,161.3300018310547,161.66000366210938,152.316162109375,2098500.0
2020-09-29,161.6699981689453,161.9499969482422,158.77999877929688,159.80999755859375,150.5730743408203,2006700.0
2020-09-30,160.92999267578125,163.10000610351562,158.61000061035156,160.17999267578125,150.92169189453125,3056900.0
2020-10-01,160.6699981689453,161.89999389648438,157.72000122070312,158.7899932861328,149.61203002929688,1989100.0
2020-10-02,156.47000122070312,161.94000244140625,156.25,160.36000061035156,151.09130859375,1768600.0
2020-10-05,162.25,163.5,161.75999450683594,162.75,153.34315490722656,1457000.0
2020-10-06,163.44000244140625,165.6999969482422,161.8300018310547,162.22999572753906,152.8531951904297,2021900.0
2020-10-07,165.10000610351562,167.75,164.41000366210938,166.49000549316406,156.8669891357422,2155400.0
2020-10-08,167.3000030517578,168.14999389648438,166.1300048828125,167.7100067138672,158.0164794921875,1902600.0
2020-10-09,168.8800048828125,170.47999572753906,167.9499969482422,169.3000030517578,159.5145721435547,2015500.0
2020-10-12,169.47000122070312,170.61000061035156,168.1199951171875,168.64999389648438,158.9021453857422,1533600.0
2020-10-13,168.3000030517578,169.4499969482422,166.0,166.6300048828125,156.9989013671875,1575300.0
2020-10-14,167.00999450683594,169.5399932861328,166.7899932861328,168.39999389648438,158.6665802001953,1435300.0
2020-10-15,166.0500030517578,169.67999267578125,165.8000030517578,169.0800018310547,159.30731201171875,1638100.0
2020-10-16,169.94000244140625,172.07000732421875,169.22000122070312,170.97000122070312,161.08804321289062,2478600.0
2020-10-19,171.02000427246094,172.35000610351562,168.8699951171875,169.5500030517578,159.7501220703125,1909900.0
2020-10-20,170.5,173.19000244140625,169.99000549316406,170.9499969482422,161.06919860839844,1813000.0
2020-10-21,170.33999633789062,172.11000061035156,169.07000732421875,169.1699981689453,159.39208984375,1511100.0
2020-10-22,169.63999938964844,170.99000549316406,168.38999938964844,170.7100067138672,160.84307861328125,1663200.0
2020-10-23,171.9199981689453,172.17999267578125,169.02000427246094,169.8000030517578,159.9856719970703,2137500.0
2020-10-26,167.67999267578125,168.08999633789062,164.38999938964844,166.16000366210938,156.55606079101562,3338800.0
2020-10-27,164.5,164.97999572753906,160.64999389648438,161.02999877929688,151.72256469726562,3894400.0
2020-10-28,159.80999755859375,162.85000610351562,158.1199951171875,158.52999877929688,149.3670654296875,3065100.0
2020-10-29,158.11000061035156,160.17999267578125,156.1300048828125,158.47999572753906,149.3199462890625,2680900.0
2020-10-30,158.3300018310547,159.9600067138672,157.0,159.9600067138672,150.71444702148438,2234500.0
2020-11-02,162.19000244140625,163.4199981689453,160.92999267578125,162.94000244140625,153.5221710205078,2116600.0
2020-11-03,164.86000061035156,166.8300018310547,163.74000549316406,165.50999450683594,155.94361877441406,1896900.0
2020-11-04,162.75,165.3000030517578,159.89999389648438,160.16000366210938,150.90284729003906,3140900.0
2020-11-05,162.16000366210938,164.41000366210938,162.02000427246094,163.1999969482422,153.76712036132812,2178500.0
2020-11-06,163.66000366210938,164.3000030517578,161.57000732421875,163.02000427246094,153.59754943847656,1685000.0
2020-11-09,174.1300048828125,175.42999267578125,163.14999389648438,163.42999267578125,153.9838409423828,4418100.0
2020-11-10,165.19000244140625,169.27000427246094,163.86000061035156,169.13999938964844,159.36380004882812,3500400.0
2020-11-11,170.72999572753906,170.74000549316406,167.60000610351562,169.2100067138672,159.42977905273438,2884400.0
2020-11-12,168.14999389648438,169.19000244140625,165.5800018310547,167.0500030517578,157.39462280273438,2216700.0
2020-11-13,167.9199981689453,170.25999450683594,167.27999877929688,169.7899932861328,159.9762420654297,1812100.0
2020-11-16,172.6199951171875,173.88999938964844,170.17999267578125,173.86000061035156,163.81100463867188,2434300.0
2020-11-17,173.0399932861328,174.5,170.86000061035156,173.63999938964844,163.6037139892578,2589900.0
2020-11-18,174.5,174.6999969482422,171.3300018310547,171.39999389648438,161.49317932128906,2615800.0
2020-11-19,170.57000732421875,171.8800048828125,169.3000030517578,171.61000061035156,163.0897979736328,2986000.0
2020-11-20,171.5,172.9499969482422,170.9600067138672,172.88999938964844,164.3062286376953,2656900.0
2020-11-23,173.75999450683594,174.86000061035156,173.4499969482422,174.13999938964844,165.49415588378906,2064300.0
2020-11-24,175.0,177.22000122070312,174.89999389648438,177.0800018310547,168.2882080078125,3086000.0
2020-11-25,176.83999633789062,177.33999633789062,175.4499969482422,177.1199951171875,168.3262176513672,2052200.0
2020-11-27,177.82000732421875,179.6300048828125,175.57000732421875,176.88999938964844,168.10763549804688,1267100.0
2020-11-30,175.77000427246094,176.0,172.6999969482422,172.72999572753906,164.15415954589844,6141300.0
2020-12-01,174.22000122070312,175.69000244140625,170.00999450683594,170.52000427246094,162.0539093017578,3859600.0
2020-12-02,170.25999450683594,172.5800018310547,170.22000122070312,171.85000610351562,163.31788635253906,2421800.0
2020-12-03,171.0399932861328,173.38999938964844,171.0399932861328,171.8300018310547,163.29885864257812,2377800.0
2020-12-04,172.1300048828125,173.16000366210938,171.5399932861328,172.4600067138672,163.8975830078125,2663600.0
2020-12-07,171.72000122070312,172.5,169.17999267578125,170.14999389648438,161.7022705078125,2526800.0
2020-12-08,169.74000549316406,172.8300018310547,169.6999969482422,172.4600067138672,163.8975830078125,1730800.0
2020-12-09,172.6699981689453,175.63999938964844,171.92999267578125,175.2899932861328,166.58706665039062,2790900.0
2020-12-10,174.8699951171875,175.39999389648438,172.69000244140625,173.49000549316406,164.87644958496094,2228800.0
2020-12-11,172.3000030517578,174.64999389648438,172.1699981689453,174.02000427246094,165.380126953125,1875700.0
2020-12-14,175.6699981689453,176.1999969482422,172.99000549316406,173.0800018310547,164.48680114746094,3700100.0
2020-12-15,174.38999938964844,175.05999755859375,172.5500030517578,174.67999267578125,166.00735473632812,2270600.0
2020-12-16,174.61000061035156,175.85000610351562,174.35000610351562,175.41000366210938,166.7011260986328,1949900.0
2020-12-17,176.0,177.4600067138672,175.38999938964844,176.64999389648438,167.87954711914062,2327800.0
2020-12-18,176.75999450683594,177.4600067138672,175.11000061035156,176.4199981689453,167.6609649658203,4682000.0
2020-12-21,173.61000061035156,176.1300048828125,173.02999877929688,175.66000366210938,166.93870544433594,1704600.0
2020-12-22,175.0500030517578,175.92999267578125,174.17999267578125,174.77999877929688,166.10240173339844,1381200.0
2020-12-23,175.3000030517578,175.80999755859375,173.9600067138672,173.99000549316406,165.3516387939453,1762600.0
2020-12-24,174.4199981689453,174.7899932861328,173.4199981689453,174.52000427246094,165.85533142089844,656200.0
2020-12-28,175.30999755859375,176.39999389648438,174.38999938964844,174.7100067138672,166.03585815429688,1403000.0
2020-12-29,175.5500030517578,175.63999938964844,173.14999389648438,173.85000610351562,165.21859741210938,1218900.0
2020-12-30,173.8800048828125,174.9199981689453,173.3800048828125,174.11000061035156,165.46566772460938,1419100.0
2020-12-31,174.1199951171875,174.8699951171875,173.17999267578125,174.7899932861328,166.1118927001953,1841300.0
2021-01-04,175.0,176.1999969482422,170.5500030517578,171.8699951171875,163.3368682861328,2996200.0
2021-01-05,172.00999450683594,173.25,170.64999389648438,171.5800018310547,163.06126403808594,2295300.0
2021-01-06,172.72000122070312,175.57000732421875,172.0399932861328,174.19000244140625,165.54168701171875,3346400.0
2021-01-07,171.55999755859375,173.4600067138672,166.16000366210938,169.72000122070312,161.29360961914062,5863400.0
2021-01-08,169.1699981689453,169.5399932861328,164.61000061035156,166.6199951171875,158.34751892089844,4808100.0
2021-01-11,166.10000610351562,167.13999938964844,165.0,165.1999969482422,156.99803161621094,2736600.0
2021-01-12,165.89999389648438,167.17999267578125,164.0800018310547,166.50999450683594,158.2429962158203,2949100.0
2021-01-13,167.27000427246094,167.74000549316406,166.0500030517578,166.27999877929688,158.02439880371094,2098000.0
2021-01-14,167.27000427246094,167.36000061035156,165.22999572753906,166.41000366210938,158.14796447753906,2895400.0
2021-01-15,165.6300048828125,166.25999450683594,163.3800048828125,165.5500030517578,157.33065795898438,3550700.0
2021-01-19,167.25999450683594,169.5500030517578,166.8000030517578,169.1199951171875,160.72340393066406,3903200.0
2021-01-20,169.0399932861328,170.5800018310547,168.42999267578125,170.22000122070312,161.76878356933594,2672300.0
2021-01-21,170.22000122070312,171.49000549316406,169.38999938964844,170.6699981689453,162.1964569091797,2688200.0
2021-01-22,170.1999969482422,170.1999969482422,167.24000549316406,169.0399932861328,160.64736938476562,2349300.0
2021-01-25,168.8800048828125,172.49000549316406,168.22999572753906,170.38999938964844,161.9303436279297,3353100.0
2021-01-26,173.77999877929688,176.83999633789062,172.0800018310547,175.9499969482422,167.21432495117188,5148900.0
2021-01-27,177.30999755859375,187.27000427246094,177.16000366210938,186.64999389648438,177.383056640625,8097000.0
2021-01-28,185.0,186.5800018310547,182.5800018310547,183.4199981689453,174.3134307861328,4153700.0
2021-01-29,182.2899932861328,182.97999572753906,174.8699951171875,175.66000366210938,166.93870544433594,4217200.0
2021-02-01,175.97000122070312,177.11000061035156,173.97000122070312,174.6999969482422,166.02638244628906,2569700.0
2021-02-02,176.25,177.52999877929688,174.85000610351562,175.02000427246094,166.33050537109375,2844400.0
2021-02-03,175.3800048828125,177.44000244140625,173.5500030517578,175.47999572753906,166.76763916015625,2874200.0
2021-02-04,175.7899932861328,177.2899932861328,175.50999450683594,177.10000610351562,168.30722045898438,1833000.0
2021-02-05,177.60000610351562,179.22999572753906,176.6999969482422,179.00999450683594,170.1223907470703,1822400.0
2021-02-08,179.3000030517578,180.8699951171875,179.1699981689453,180.75999450683594,171.78549194335938,2355100.0
2021-02-09,181.22000122070312,181.89999389648438,180.17999267578125,180.94000244140625,171.95657348632812,1942800.0
2021-02-10,181.8800048828125,182.3800048828125,180.63999938964844,181.0800018310547,172.089599609375,1929000.0
2021-02-11,179.35000610351562,179.8800048828125,175.83999633789062,177.2100067138672,169.799560546875,2188400.0
2021-02-12,177.27000427246094,178.83999633789062,177.2100067138672,178.6999969482422,171.2272491455078,1081500.0
2021-02-16,179.0,179.69000244140625,176.32000732421875,176.6300048828125,169.2438201904297,1834000.0
2021-02-17,176.0500030517578,177.3000030517578,175.13999938964844,176.64999389648438,169.26295471191406,1578100.0
2021-02-18,177.25,179.6699981689453,176.14999389648438,179.3699951171875,171.8692169189453,2087100.0
2021-02-19,179.57000732421875,180.77000427246094,176.1999969482422,176.5399932861328,169.15757751464844,2986800.0
2021-02-22,176.4600067138672,177.08999633789062,175.00999450683594,176.1199951171875,168.75511169433594,2271500.0
2021-02-23,177.5399932861328,177.5399932861328,174.7100067138672,176.1699981689453,168.80303955078125,2352300.0
2021-02-24,176.0,177.97999572753906,173.75999450683594,177.6300048828125,170.2019805908203,2742600.0
2021-02-25,177.52000427246094,180.75,177.42999267578125,178.75999450683594,171.28472900390625,2634300.0
2021-02-26,179.44000244140625,179.4499969482422,174.61000061035156,175.05999755859375,167.7394561767578,3363300.0
2021-03-01,175.6999969482422,177.5,175.6999969482422,176.41000366210938,169.0330047607422,1840000.0
2021-03-02,177.0,177.7899932861328,174.7899932861328,177.11000061035156,169.7037353515625,2272400.0
2021-03-03,177.42999267578125,180.02000427246094,176.8000030517578,178.05999755859375,170.61399841308594,2267800.0
2021-03-04,179.2899932861328,180.17999267578125,174.07000732421875,177.6300048828125,170.2019805908203,3535700.0
2021-03-05,178.4499969482422,181.55999755859375,176.9499969482422,180.8000030517578,173.2394561767578,2262800.0
2021-03-08,180.99000549316406,185.6999969482422,180.92999267578125,183.77000427246094,176.0852508544922,2574900.0
2021-03-09,183.5,184.14999389648438,181.02000427246094,181.17999267578125,173.60353088378906,2842100.0
2021-03-10,182.3699951171875,185.3800048828125,181.41000366210938,184.50999450683594,176.79429626464844,2370700.0
2021-03-11,183.1300048828125,185.07000732421875,182.10000610351562,184.57000732421875,176.85179138183594,2377300.0
2021-03-12,185.61000061035156,186.2100067138672,184.27000427246094,184.9199981689453,177.18714904785156,2691600.0
2021-03-15,186.02999877929688,189.6300048828125,185.7100067138672,189.47999572753906,181.5564422607422,3300000.0
2021-03-16,188.0,188.4600067138672,185.97999572753906,186.85000610351562,179.0364532470703,2264000.0
2021-03-17,187.3300018310547,189.99000549316406,187.0500030517578,188.3000030517578,180.42579650878906,2585100.0
2021-03-18,188.60000610351562,192.08999633789062,188.60000610351562,191.0,183.0128936767578,3050500.0
2021-03-19,190.60000610351562,191.0,188.69000244140625,188.7100067138672,180.81866455078125,6678900.0
2021-03-22,188.25999450683594,189.75999450683594,187.00999450683594,189.47000122070312,181.546875,2605300.0
2021-03-23,188.77000427246094,191.7100067138672,187.89999389648438,188.3300018310547,180.4545440673828,2768700.0
2021-03-24,188.42999267578125,192.74000549316406,188.0800018310547,190.69000244140625,182.71585083007812,2829200.0
2021-03-25,191.63999938964844,193.36000061035156,190.1699981689453,193.10000610351562,185.02508544921875,2221000.0
2021-03-26,193.00999450683594,194.9499969482422,192.2100067138672,194.8800048828125,186.73065185546875,2677600.0
2021-03-29,193.6199951171875,196.72000122070312,193.50999450683594,195.74000549316406,187.5546875,2601800.0
2021-03-30,194.97999572753906,196.6300048828125,193.8800048828125,194.63999938964844,186.50067138671875,1876700.0
2021-03-31,193.94000244140625,194.42999267578125,192.0500030517578,192.67999267578125,184.62261962890625,2426900.0
2021-04-01,193.25,193.9199981689453,190.83999633789062,192.6999969482422,184.6417999267578,1902100.0
2021-04-05,193.88999938964844,195.9499969482422,193.7100067138672,194.97000122070312,186.81687927246094,1963000.0
2021-04-06,195.0,195.61000061035156,193.99000549316406,194.83999633789062,186.6923065185547,1472700.0
2021-04-07,194.16000366210938,195.35000610351562,193.9199981689453,194.9499969482422,186.79769897460938,1501500.0
2021-04-08,194.4199981689453,196.6699981689453,194.02999877929688,195.72000122070312,187.53550720214844,2391800.0
2021-04-09,196.05999755859375,198.9600067138672,196.05999755859375,198.0,189.7201690673828,2159600.0
2021-04-12,198.1999969482422,199.2899932861328,197.05999755859375,197.8300018310547,189.55728149414062,1682100.0
2021-04-13,196.00999450683594,197.3300018310547,195.3699951171875,196.47000122070312,188.254150390625,2259700.0
2021-04-14,195.5500030517578,197.38999938964844,195.02000427246094,196.75,188.52244567871094,1575000.0
2021-04-15,197.27999877929688,197.80999755859375,195.91000366210938,197.47999572753906,189.22190856933594,1461600.0
2021-04-16,198.72000122070312,199.6699981689453,197.97999572753906,198.5800018310547,190.2759246826172,2769500.0
2021-04-19,198.11000061035156,198.69000244140625,196.6699981689453,198.58999633789062,190.2854766845703,2200500.0
2021-04-20,198.94000244140625,199.35000610351562,197.44000244140625,198.3000030517578,190.00762939453125,1653100.0
2021-04-21,198.3000030517578,201.5,198.1199951171875,200.8800048828125,192.479736328125,2649000.0
2021-04-22,200.6699981689453,202.1699981689453,200.17999267578125,200.89999389648438,192.49888610839844,2215800.0
2021-04-23,201.0,203.16000366210938,200.99000549316406,202.1999969482422,193.74452209472656,1864100.0
2021-04-26,202.97999572753906,202.99000549316406,199.5800018310547,199.6300048828125,191.2820281982422,2578900.0
2021-04-27,191.50999450683594,195.86000061035156,188.6300048828125,194.4499969482422,186.31861877441406,5225000.0
2021-04-28,195.0,197.30999755859375,194.80999755859375,195.92999267578125,187.7367401123047,2516900.0
2021-04-29,196.80999755859375,199.41000366210938,196.27000427246094,199.0500030517578,190.7262725830078,1887000.0
2021-04-30,197.66000366210938,198.99000549316406,196.1300048828125,197.13999938964844,188.89613342285156,2507100.0
2021-05-03,197.99000549316406,199.47000122070312,196.66000366210938,198.61000061035156,190.30465698242188,1779800.0
2021-05-04,198.49000549316406,199.55999755859375,197.5399932861328,199.3800048828125,191.04246520996094,1879000.0
2021-05-05,200.0,201.72000122070312,197.8800048828125,201.44000244140625,193.0163116455078,2018500.0
2021-05-06,201.27999877929688,202.50999450683594,200.4600067138672,202.41000366210938,193.94578552246094,1840600.0
2021-05-07,202.30999755859375,203.8699951171875,201.24000549316406,203.07000732421875,194.5781707763672,1843600.0
2021-05-10,205.0,208.9499969482422,204.05999755859375,207.3300018310547,198.66001892089844,3212700.0
2021-05-11,206.60000610351562,206.91000366210938,202.39999389648438,203.72000122070312,195.2009735107422,2552500.0
2021-05-12,203.58999633789062,203.6999969482422,198.77000427246094,198.8699951171875,190.55377197265625,2230600.0
2021-05-13,198.63999938964844,204.0399932861328,198.38999938964844,203.41000366210938,194.9039306640625,1684300.0
2021-05-14,204.0,205.1199951171875,203.00999450683594,204.3800048828125,195.83340454101562,1475400.0
2021-05-17,204.60000610351562,205.35000610351562,203.69000244140625,205.11000061035156,196.5328369140625,1532700.0
2021-05-18,204.99000549316406,205.17999267578125,202.80999755859375,203.02999877929688,194.53982543945312,1771800.0
2021-05-19,201.91000366210938,202.6999969482422,199.3300018310547,202.60000610351562,194.12779235839844,2220200.0
2021-05-20,201.08999633789062,202.19000244140625,200.5,201.64999389648438,194.63938903808594,1412500.0
2021-05-21,201.7100067138672,203.75999450683594,201.0800018310547,201.86000061035156,194.8420867919922,1537200.0
2021-05-24,202.8000030517578,203.52000427246094,201.9199981689453,202.61000061035156,195.56600952148438,1529200.0
2021-05-25,202.85000610351562,203.0,201.3699951171875,201.7100067138672,194.6973114013672,1519400.0
2021-05-26,201.1999969482422,201.7899932861328,200.3000030517578,201.5800018310547,194.5718231201172,1847300.0
2021-05-27,203.0,203.97999572753906,202.6199951171875,203.24000549316406,196.1741180419922,2457600.0
2021-05-28,203.8800048828125,204.38999938964844,202.8000030517578,203.0399932861328,195.98104858398438,1741200.0
2021-06-01,204.97999572753906,205.08999633789062,202.5500030517578,203.1999969482422,196.135498046875,1567300.0
2021-06-02,203.72999572753906,203.97000122070312,202.36000061035156,203.2899932861328,196.2223663330078,1877400.0
2021-06-03,202.5,204.6699981689453,201.80999755859375,203.6699981689453,196.58914184570312,1902100.0
2021-06-04,204.11000061035156,206.1199951171875,203.77000427246094,206.0500030517578,198.88641357421875,1868600.0
2021-06-07,206.35000610351562,206.80999755859375,203.30999755859375,203.72999572753906,196.64706420898438,1531100.0
2021-06-08,202.0,204.0399932861328,201.13999938964844,203.58999633789062,196.51193237304688,1701400.0
2021-06-09,203.55999755859375,203.57000732421875,201.94000244140625,202.74000549316406,195.69149780273438,1707600.0
2021-06-10,204.14999389648438,204.97000122070312,202.77999877929688,203.1300048828125,196.0679168701172,1953100.0
2021-06-11,203.75999450683594,204.89999389648438,201.52000427246094,202.80999755859375,195.75906372070312,1696300.0
2021-06-14,202.2899932861328,203.58999633789062,200.4199981689453,201.36000061035156,194.35948181152344,1745900.0
2021-06-15,201.8000030517578,201.86000061035156,199.52999877929688,200.61000061035156,193.6355438232422,1709900.0
2021-06-16,200.57000732421875,200.99000549316406,196.80999755859375,196.91000366210938,190.06417846679688,2219700.0
2021-06-17,196.8000030517578,197.5,193.0,195.13999938964844,188.355712890625,2584900.0
2021-06-18,193.0399932861328,193.57000732421875,191.52999877929688,191.60000610351562,184.9387969970703,5054600.0
2021-06-21,193.58999633789062,196.6300048828125,193.58999633789062,195.2100067138672,188.42327880859375,2528400.0
2021-06-22,194.75,196.0500030517578,194.10000610351562,195.13999938964844,188.355712890625,1772600.0
2021-06-23,194.8000030517578,195.4199981689453,192.27999877929688,192.36000061035156,185.67236328125,2976500.0
2021-06-24,193.3000030517578,193.74000549316406,191.63999938964844,193.25999450683594,186.5410614013672,2191800.0
2021-06-25,193.4199981689453,195.3300018310547,193.3000030517578,194.75,187.97926330566406,6175500.0
2021-06-28,195.75999450683594,196.9199981689453,194.38999938964844,196.5,189.66844177246094,2100500.0
2021-06-29,196.1999969482422,197.8300018310547,195.72000122070312,196.02999877929688,189.21475219726562,1858000.0
2021-06-30,195.89999389648438,198.97999572753906,195.5399932861328,198.6300048828125,191.724365234375,2592000.0
2021-07-01,199.4499969482422,199.6699981689453,197.75,199.08999633789062,192.1683807373047,1857900.0
2021-07-02,198.72999572753906,200.2899932861328,197.94000244140625,199.88999938964844,192.94058227539062,1612900.0
2021-07-06,196.41000366210938,197.77999877929688,194.75999450683594,196.88999938964844,190.04486083984375,2546400.0
2021-07-07,196.1300048828125,200.05999755859375,196.1300048828125,199.86000061035156,192.91163635253906,1695000.0
2021-07-08,198.5,199.5500030517578,197.32000732421875,198.27000427246094,191.37689208984375,2167100.0
2021-07-09,199.6999969482422,201.89999389648438,199.25,201.0,194.01199340820312,2446100.0
2021-07-12,198.10000610351562,201.4600067138672,197.89999389648438,199.97999572753906,193.02743530273438,2164000.0
2021-07-13,200.08999633789062,201.1300048828125,199.14999389648438,199.60000610351562,192.66065979003906,1688300.0
2021-07-14,200.5800018310547,203.17999267578125,200.00999450683594,202.8300018310547,195.77835083007812,2457700.0
2021-07-15,201.42999267578125,202.77000427246094,200.52999877929688,202.58999633789062,195.5467071533203,2138700.0
2021-07-16,203.1199951171875,203.2100067138672,198.91000366210938,199.3699951171875,192.4386444091797,2474100.0
2021-07-19,197.7899932861328,198.5399932861328,195.11000061035156,197.55999755859375,190.69158935546875,3146300.0
2021-07-20,198.33999633789062,202.22000122070312,198.07000732421875,200.82000732421875,193.83824157714844,2783300.0
2021-07-21,201.1300048828125,202.8800048828125,199.9600067138672,200.77000427246094,193.78997802734375,1999100.0
2021-07-22,201.50999450683594,201.64999389648438,198.67999267578125,199.07000732421875,192.14907836914062,1700500.0
2021-07-23,200.50999450683594,201.0399932861328,198.94000244140625,200.49000549316406,193.51971435546875,1570700.0
2021-07-26,200.4499969482422,202.74000549316406,199.92999267578125,201.6699981689453,194.65867614746094,2409200.0
2021-07-27,197.2100067138672,201.05999755859375,194.91000366210938,200.47000122070312,193.5004119873047,2999900.0
2021-07-28,199.32000732421875,200.3699951171875,198.10000610351562,198.27999877929688,191.38653564453125,2139100.0
2021-07-29,200.0,200.0,197.94000244140625,198.1699981689453,191.28036499023438,2120200.0
2021-07-30,198.0,199.24000549316406,197.1999969482422,197.94000244140625,191.05836486816406,1910300.0
2021-08-02,199.07000732421875,200.6999969482422,197.44000244140625,197.52000427246094,190.65296936035156,1332500.0
2021-08-03,198.5399932861328,202.2100067138672,197.39999389648438,201.02999877929688,194.0409393310547,2208200.0
2021-08-04,200.39999389648438,200.80999755859375,197.1999969482422,197.52999877929688,190.66259765625,2057000.0
2021-08-05,198.5500030517578,199.1199951171875,197.2899932861328,197.8000030517578,190.92323303222656,1575200.0
2021-08-06,198.17999267578125,199.25,197.5500030517578,198.1300048828125,191.2417755126953,1116200.0
2021-08-09,197.64999389648438,198.14999389648438,196.77999877929688,197.42999267578125,190.5660858154297,1193300.0
2021-08-10,198.24000549316406,199.49000549316406,197.6999969482422,199.25,192.32281494140625,1598400.0
2021-08-11,200.0,201.77000427246094,199.30999755859375,201.57000732421875,194.5621795654297,2217400.0
2021-08-12,201.47999572753906,202.3699951171875,200.36000061035156,201.42999267578125,194.42701721191406,1231800.0
2021-08-13,201.22999572753906,201.7100067138672,200.2899932861328,200.5800018310547,193.60658264160156,1910700.0
2021-08-16,201.08999633789062,202.77000427246094,200.3800048828125,202.32000732421875,195.2860870361328,1607000.0
2021-08-17,202.0,202.0,197.60000610351562,199.5500030517578,192.61241149902344,2287900.0
2021-08-18,198.57000732421875,198.80999755859375,196.30999755859375,196.50999450683594,189.67808532714844,2116100.0
2021-08-19,195.0,196.22999572753906,194.30999755859375,195.36000061035156,188.5680694580078,2312800.0
2021-08-20,194.33999633789062,195.1300048828125,193.3699951171875,194.16000366210938,188.84039306640625,2397400.0
2021-08-23,195.0,196.24000549316406,193.67999267578125,194.67999267578125,189.34613037109375,1974300.0
2021-08-24,194.82000732421875,196.10000610351562,194.33999633789062,194.75,189.4142303466797,1392400.0
2021-08-25,194.52000427246094,195.0500030517578,192.72000122070312,194.33999633789062,189.0154571533203,1612600.0
2021-08-26,194.19000244140625,195.38999938964844,193.66000366210938,195.32000732421875,189.96861267089844,1457300.0
2021-08-27,196.0,196.66000366210938,194.1199951171875,195.0500030517578,189.70602416992188,2146500.0
2021-08-30,195.17999267578125,197.2899932861328,194.77000427246094,196.1699981689453,190.79531860351562,1263900.0
2021-08-31,195.85000610351562,195.99000549316406,194.14999389648438,194.74000549316406,189.40451049804688,2813900.0
2021-09-01,194.5500030517578,194.75,192.94000244140625,193.44000244140625,188.14012145996094,1925400.0
2021-09-02,194.07000732421875,194.9199981689453,193.47000122070312,194.88999938964844,189.55038452148438,2094500.0
2021-09-03,194.4600067138672,195.61000061035156,193.6300048828125,194.38999938964844,189.0640869140625,1464500.0
2021-09-07,192.9199981689453,194.57000732421875,185.55999755859375,185.5800018310547,180.49546813964844,5882300.0
2021-09-08,185.63999938964844,188.39999389648438,185.02000427246094,187.88999938964844,182.74217224121094,3657300.0
2021-09-09,187.5399932861328,188.50999450683594,185.05999755859375,185.75,180.6608123779297,3038500.0
2021-09-10,186.86000061035156,187.22999572753906,184.5,184.5500030517578,179.49368286132812,2231500.0
2021-09-13,185.3000030517578,187.9199981689453,183.60000610351562,185.22999572753906,180.15504455566406,5046500.0
2021-09-14,185.64999389648438,186.0,181.67999267578125,182.4199981689453,177.42202758789062,3324100.0
2021-09-15,182.82000732421875,185.11000061035156,182.3300018310547,184.19000244140625,179.1435546875,2554500.0
2021-09-16,184.14999389648438,184.60000610351562,181.82000732421875,182.66000366210938,177.65548706054688,2553600.0
2021-09-17,181.08999633789062,182.66000366210938,179.41000366210938,181.49000549316406,176.5175323486328,10719300.0
2021-09-20,178.63999938964844,181.74000549316406,178.2899932861328,180.52999877929688,175.58383178710938,4152100.0
2021-09-21,180.97000122070312,181.0800018310547,177.6999969482422,178.4199981689453,173.53163146972656,2980100.0
2021-09-22,179.30999755859375,180.9499969482422,178.94000244140625,179.83999633789062,174.9127197265625,2220800.0
2021-09-23,180.14999389648438,182.85000610351562,180.0,181.52999877929688,176.5564422607422,2186500.0
2021-09-24,181.5,182.07000732421875,180.6199951171875,181.0399932861328,176.079833984375,2076900.0
2021-09-27,180.8300018310547,183.16000366210938,180.80999755859375,181.7899932861328,176.8092803955078,2052100.0
2021-09-28,181.82000732421875,182.85000610351562,179.77000427246094,180.0500030517578,175.11697387695312,2290400.0
2021-09-29,179.9199981689453,181.38999938964844,179.1699981689453,180.8800048828125,175.92422485351562,1674800.0
2021-09-30,181.72000122070312,182.05999755859375,175.3699951171875,175.4199981689453,170.6138153076172,3235600.0
2021-10-01,176.25,177.41000366210938,174.22000122070312,176.67999267578125,171.8393096923828,2419300.0
2021-10-04,174.14999389648438,177.10000610351562,173.77999877929688,176.0399932861328,171.21682739257812,3010100.0
2021-10-05,176.17999267578125,178.61000061035156,175.57000732421875,177.8800048828125,173.00643920898438,1888300.0
2021-10-06,176.6300048828125,178.5500030517578,175.52000427246094,178.39999389648438,173.51217651367188,2057600.0
2021-10-07,180.0,180.77999877929688,177.6999969482422,177.8000030517578,172.92861938476562,2878100.0
2021-10-08,177.57000732421875,178.10000610351562,176.77999877929688,176.9499969482422,172.10189819335938,2469500.0
2021-10-11,178.02000427246094,178.60000610351562,176.1999969482422,176.27999877929688,171.45028686523438,2691100.0
2021-10-12,176.3000030517578,176.88999938964844,175.1300048828125,175.52999877929688,170.7208251953125,2155900.0
2021-10-13,175.61000061035156,178.39999389648438,175.0399932861328,177.1699981689453,172.3158721923828,2030500.0
2021-10-14,178.0,180.39999389648438,177.9499969482422,180.32000732421875,175.3795928955078,2279200.0
2021-10-15,180.69000244140625,183.0,180.67999267578125,181.94000244140625,176.9552001953125,2160800.0
2021-10-18,180.7899932861328,181.9199981689453,179.33999633789062,181.72000122070312,176.7412109375,1753300.0
2021-10-19,182.44000244140625,182.85000610351562,181.63999938964844,182.30999755859375,177.31504821777344,1394100.0
2021-10-20,182.58999633789062,183.17999267578125,182.0399932861328,182.4199981689453,177.42202758789062,1788500.0
2021-10-21,182.85000610351562,183.02999877929688,180.52000427246094,182.1199951171875,177.13026428222656,1661000.0
2021-10-22,182.57000732421875,183.2899932861328,180.77999877929688,180.8000030517578,175.846435546875,2630900.0
2021-10-25,180.5,182.9499969482422,179.4499969482422,182.39999389648438,177.402587890625,2705100.0
2021-10-26,181.07000732421875,183.82000732421875,179.1699981689453,182.16000366210938,177.16917419433594,3135600.0
2021-10-27,182.27000427246094,182.33999633789062,178.0800018310547,178.24000549316406,173.35658264160156,2627000.0
2021-10-28,178.25,180.00999450683594,178.24000549316406,179.8699951171875,174.94189453125,1944900.0
2021-10-29,179.7100067138672,180.91000366210938,178.1199951171875,178.67999267578125,173.78451538085938,2559500.0
2021-11-01,178.52999877929688,179.74000549316406,177.50999450683594,179.5800018310547,174.65985107421875,2010500.0
2021-11-02,179.99000549316406,182.10000610351562,179.61000061035156,181.97000122070312,176.98435974121094,2213000.0
2021-11-03,181.7899932861328,182.6199951171875,179.97999572753906,182.22999572753906,177.23724365234375,1983400.0
2021-11-04,182.47000122070312,182.9600067138672,180.24000549316406,180.61000061035156,175.66163635253906,2051400.0
2021-11-05,182.1199951171875,183.82000732421875,180.9499969482422,181.8000030517578,176.81903076171875,1814300.0
2021-11-08,182.66000366210938,183.42999267578125,180.27000427246094,181.5399932861328,176.56613159179688,1855900.0
2021-11-09,181.3699951171875,182.57000732421875,180.4499969482422,181.3300018310547,176.36190795898438,1782400.0
2021-11-10,181.3300018310547,182.83999633789062,180.0,182.4199981689453,177.42202758789062,1712600.0
2021-11-11,183.00999450683594,183.0399932861328,179.50999450683594,180.2100067138672,175.27259826660156,1986700.0
2021-11-12,180.9499969482422,186.3000030517578,180.2899932861328,183.66000366210938,178.62808227539062,4404700.0
2021-11-15,184.08999633789062,185.0399932861328,182.89999389648438,183.30999755859375,178.28765869140625,1463400.0
2021-11-16,183.30999755859375,184.1999969482422,182.6999969482422,183.3699951171875,178.34600830078125,1975000.0
2021-11-17,183.3699951171875,183.8699951171875,181.6300048828125,183.33999633789062,178.31683349609375,2251100.0
2021-11-18,182.11000061035156,182.5399932861328,178.69000244140625,178.77000427246094,175.2870330810547,2532800.0
2021-11-19,179.44000244140625,180.80999755859375,178.1199951171875,179.22999572753906,175.7380828857422,2482600.0
2021-11-22,179.25,182.27999877929688,178.77999877929688,179.66000366210938,176.15969848632812,2371900.0
2021-11-23,180.61000061035156,181.32000732421875,178.64999389648438,179.4600067138672,175.96359252929688,1944200.0
2021-11-24,178.97000122070312,179.5,177.5399932861328,177.6300048828125,174.1692657470703,1488500.0
2021-11-26,174.52000427246094,176.8300018310547,173.39999389648438,175.52000427246094,172.10035705566406,1912300.0
2021-11-29,176.47000122070312,176.8300018310547,174.97999572753906,176.22999572753906,172.79652404785156,2324500.0
2021-11-30,174.6999969482422,175.86000061035156,169.94000244140625,170.0399932861328,166.7271270751953,5340500.0
2021-12-01,172.5500030517578,174.64999389648438,170.6999969482422,170.72999572753906,167.4036865234375,3255600.0
2021-12-02,171.5399932861328,172.77999877929688,169.8699951171875,170.25999450683594,166.94284057617188,3367100.0
2021-12-03,169.89999389648438,172.91000366210938,169.17999267578125,172.58999633789062,169.22744750976562,3018900.0
2021-12-06,174.52000427246094,178.27999877929688,174.0,177.1999969482422,173.74761962890625,3418600.0
2021-12-07,177.11000061035156,178.33999633789062,176.17999267578125,176.5500030517578,173.11029052734375,2322800.0
2021-12-08,176.5,176.8300018310547,174.42999267578125,176.0399932861328,172.61021423339844,1928000.0
2021-12-09,176.49000549316406,177.39999389648438,175.63999938964844,175.94000244140625,172.51217651367188,1758600.0
2021-12-10,177.94000244140625,177.94000244140625,176.11000061035156,177.10000610351562,173.6495819091797,1543600.0
2021-12-13,177.0,177.3699951171875,174.41000366210938,174.5800018310547,171.1786651611328,2529900.0
2021-12-14,174.85000610351562,176.60000610351562,174.25,174.72000122070312,171.31593322753906,2327500.0
2021-12-15,175.0800018310547,176.22000122070312,173.8800048828125,175.77999877929688,172.35528564453125,2139900.0
2021-12-16,176.7100067138672,178.94000244140625,174.82000732421875,178.30999755859375,174.83599853515625,2250000.0
2021-12-17,177.86000061035156,178.32000732421875,174.33999633789062,174.75,171.34536743164062,4012700.0
2021-12-20,173.2100067138672,173.8800048828125,170.9600067138672,172.63999938964844,169.27647399902344,1981400.0
2021-12-21,173.44000244140625,173.99000549316406,172.22000122070312,172.9199981689453,169.55101013183594,1994100.0
2021-12-22,172.9199981689453,173.22999572753906,171.5500030517578,172.63999938964844,169.27647399902344,2022000.0
2021-12-23,172.99000549316406,175.6199951171875,172.77999877929688,174.97000122070312,171.5610809326172,1955700.0
2021-12-27,175.14999389648438,176.72999572753906,174.91000366210938,176.6999969482422,173.2573699951172,1183000.0
2021-12-28,176.83999633789062,178.5,176.75,177.63999938964844,174.17904663085938,1618900.0
2021-12-29,177.47999572753906,178.88999938964844,177.22999572753906,178.41000366210938,174.93405151367188,1221900.0
2021-12-30,178.8699951171875,179.17999267578125,177.5800018310547,177.63999938964844,174.17904663085938,1067300.0
2021-12-31,177.52999877929688,178.35000610351562,176.50999450683594,177.6300048828125,174.1692657470703,1414600.0
2022-01-03,178.32000732421875,179.08999633789062,175.83999633789062,177.74000549316406,174.27711486816406,1930700.0
2022-01-04,178.47999572753906,181.25999450683594,178.02999877929688,180.22999572753906,176.7185821533203,2522200.0
2022-01-05,177.1300048828125,181.77999877929688,177.0,179.49000549316406,175.99302673339844,2952400.0
2022-01-06,180.8800048828125,181.27999877929688,177.5399932861328,178.0,174.5320281982422,2505400.0
2022-01-07,178.1300048828125,180.49000549316406,177.22000122070312,179.9499969482422,176.4440460205078,2800200.0
2022-01-10,179.4499969482422,179.8300018310547,176.77999877929688,177.41000366210938,173.95355224609375,2318000.0
2022-01-11,178.0,179.5500030517578,176.4199981689453,178.97999572753906,175.49295043945312,2264200.0
2022-01-12,179.0,180.00999450683594,178.58999633789062,179.4199981689453,175.9243621826172,1728500.0
2022-01-13,179.8800048828125,181.33999633789062,179.02999877929688,181.02000427246094,177.4932098388672,2094700.0
2022-01-14,180.86000061035156,180.86000061035156,177.6699981689453,178.74000549316406,175.25762939453125,2286100.0
2022-01-18,178.17999267578125,178.5500030517578,176.1699981689453,178.27999877929688,174.8065948486328,2410600.0
2022-01-19,179.8300018310547,180.8699951171875,177.6300048828125,178.47999572753906,175.002685546875,1968600.0
2022-01-20,178.5800018310547,179.22000122070312,173.30999755859375,173.57000732421875,170.1883544921875,2817300.0
2022-01-21,173.39999389648438,176.02000427246094,172.55999755859375,172.64999389648438,169.28627014160156,3479100.0
2022-01-24,171.86000061035156,173.2100067138672,168.8300018310547,172.8000030517578,169.433349609375,4711700.0
2022-01-25,173.52999877929688,174.55999755859375,168.00999450683594,173.75,170.36483764648438,5051100.0
2022-01-26,174.27999877929688,175.25,168.1999969482422,169.3000030517578,166.0015411376953,4410000.0
2022-01-27,169.10000610351562,172.1199951171875,168.44000244140625,170.16000366210938,166.8448028564453,2782800.0
2022-01-28,168.38999938964844,168.75,160.5399932861328,163.10000610351562,159.92233276367188,6221600.0
2022-01-31,162.6999969482422,166.2899932861328,161.58999633789062,166.02000427246094,162.7854461669922,5090400.0
2022-02-01,165.58999633789062,167.9600067138672,164.75999450683594,167.42999267578125,164.16796875,2987900.0
2022-02-02,167.8000030517578,169.25,165.8000030517578,166.66000366210938,163.41299438476562,3191300.0
2022-02-03,166.25999450683594,166.72999572753906,164.10000610351562,164.38999938964844,161.1872100830078,2608700.0
2022-02-04,163.7899932861328,164.74000549316406,160.10000610351562,160.72999572753906,157.59849548339844,4046500.0
2022-02-07,160.75,162.30999755859375,160.00999450683594,161.1699981689453,158.02993774414062,2441100.0
2022-02-08,161.42999267578125,163.11000061035156,160.32000732421875,162.41000366210938,159.2457733154297,2373900.0
2022-02-09,163.5500030517578,164.25999450683594,161.92999267578125,163.63999938964844,160.45181274414062,2143600.0
2022-02-10,162.00999450683594,162.7899932861328,159.02000427246094,159.74000549316406,156.6278076171875,3633200.0
2022-02-11,160.16000366210938,161.60000610351562,158.8000030517578,159.5399932861328,156.4316864013672,3632700.0
2022-02-14,159.35000610351562,159.58999633789062,155.36000061035156,158.00999450683594,154.93150329589844,4634400.0
2022-02-15,158.72000122070312,159.0800018310547,156.25,157.33999633789062,154.27455139160156,3335800.0
2022-02-16,157.0,158.0,154.11000061035156,155.6300048828125,152.59786987304688,4470000.0
2022-02-17,150.85000610351562,151.47000122070312,148.47999572753906,148.63999938964844,147.1529083251953,6207700.0
2022-02-18,148.1999969482422,149.7100067138672,147.24000549316406,147.6199951171875,146.14309692382812,5018800.0
2022-02-22,148.1999969482422,148.50999450683594,145.8800048828125,146.75,145.2818145751953,4509100.0
2022-02-23,146.75,147.3300018310547,144.1300048828125,144.3800048828125,142.93553161621094,3846600.0
2022-02-24,142.10000610351562,143.88999938964844,139.74000549316406,143.6999969482422,142.2623291015625,6107100.0
2022-02-25,144.41000366210938,151.75999450683594,144.35000610351562,150.50999450683594,149.00418090820312,6732700.0
2022-02-28,149.2899932861328,149.6300048828125,146.75,148.64999389648438,147.1627960205078,4215300.0
2022-03-01,148.5800018310547,149.02000427246094,144.14999389648438,144.75,143.30181884765625,3313900.0
2022-03-02,145.61000061035156,148.3699951171875,144.9199981689453,147.22000122070312,145.7471160888672,3734600.0
2022-03-03,148.52000427246094,149.99000549316406,147.52000427246094,148.3000030517578,146.81629943847656,3804200.0
2022-03-04,146.16000366210938,147.69000244140625,145.74000549316406,146.72999572753906,145.2620086669922,3235200.0
2022-03-07,145.74000549316406,145.74000549316406,142.57000732421875,143.27999877929688,141.84652709960938,4554000.0
2022-03-08,145.24000549316406,149.47000122070312,143.25999450683594,145.39999389648438,143.9453125,4605300.0
2022-03-09,147.86000061035156,149.25999450683594,146.49000549316406,146.60000610351562,145.13331604003906,3337300.0
2022-03-10,145.33999633789062,145.9600067138672,143.3300018310547,143.92999267578125,142.49002075195312,3794000.0
2022-03-11,143.47000122070312,144.47999572753906,140.8300018310547,140.9600067138672,139.54974365234375,4149400.0
2022-03-14,141.4499969482422,145.2899932861328,141.4499969482422,143.47999572753906,142.04452514648438,3910100.0
2022-03-15,144.8699951171875,145.47999572753906,142.58999633789062,144.30999755859375,142.86622619628906,3337300.0
2022-03-16,144.75999450683594,146.27000427246094,142.83999633789062,145.50999450683594,144.05421447753906,3813800.0
2022-03-17,145.30999755859375,147.7100067138672,144.14999389648438,147.69000244140625,146.21240234375,2786700.0
2022-03-18,147.07000732421875,148.4499969482422,145.22000122070312,148.32000732421875,146.8361053466797,7882100.0
2022-03-21,148.69000244140625,149.74000549316406,147.39999389648438,148.5800018310547,147.093505859375,4514900.0
2022-03-22,149.4499969482422,150.83999633789062,148.5,149.94000244140625,148.4398956298828,4252000.0
2022-03-23,149.69000244140625,149.77999877929688,147.55999755859375,147.67999267578125,146.20249938964844,2637200.0
2022-03-24,148.1199951171875,149.22999572753906,147.39999389648438,148.97999572753906,147.489501953125,2028100.0
2022-03-25,149.27000427246094,151.17999267578125,148.91000366210938,150.4600067138672,148.95469665527344,2247800.0
2022-03-28,149.92999267578125,150.1300048828125,147.19000244140625,149.47000122070312,147.97459411621094,2679900.0
2022-03-29,151.0,152.9199981689453,150.0399932861328,152.0800018310547,150.55848693847656,2693200.0
2022-03-30,151.3300018310547,153.25999450683594,150.77000427246094,151.42999267578125,149.91497802734375,2395100.0
2022-03-31,150.4499969482422,151.25,148.8000030517578,148.8800048828125,147.3905029296875,3193800.0
2022-04-01,149.6300048828125,149.86000061035156,146.85000610351562,149.69000244140625,148.19239807128906,2196400.0
2022-04-04,149.05999755859375,150.00999450683594,146.0800018310547,149.52999877929688,148.03399658203125,2631800.0
2022-04-05,148.64999389648438,150.6300048828125,148.50999450683594,148.89999389648438,147.41029357910156,2148600.0
2022-04-06,147.3300018310547,150.38999938964844,147.0500030517578,150.3000030517578,148.79629516601562,2705500.0
2022-04-07,149.38999938964844,150.47000122070312,147.55999755859375,149.9499969482422,148.44979858398438,2199000.0
2022-04-08,151.0,151.64999389648438,149.3800048828125,149.80999755859375,148.31118774414062,2790500.0
2022-04-11,150.4499969482422,152.22000122070312,149.9600067138672,150.1199951171875,148.6180877685547,2478800.0
2022-04-12,151.33999633789062,151.52999877929688,148.08999633789062,148.5800018310547,147.093505859375,2612900.0
2022-04-13,148.52000427246094,149.1699981689453,147.57000732421875,148.66000366210938,147.17269897460938,1992100.0
2022-04-14,148.64999389648438,149.58999633789062,147.2100067138672,147.3800048828125,145.905517578125,2331100.0
2022-04-18,147.4499969482422,148.3300018310547,145.75,146.17999267578125,144.71749877929688,1775800.0
2022-04-19,146.85000610351562,150.58999633789062,146.85000610351562,150.10000610351562,148.59829711914062,2296000.0
2022-04-20,150.80999755859375,152.5,150.52999877929688,150.58999633789062,149.08338928222656,1979900.0
2022-04-21,151.97999572753906,153.10000610351562,151.30999755859375,151.77000427246094,150.2515869140625,2337200.0
2022-04-22,150.8000030517578,150.99000549316406,148.24000549316406,149.1699981689453,147.67759704589844,3157400.0
2022-04-25,148.7100067138672,149.02999877929688,145.8800048828125,148.60000610351562,147.11331176757812,3432200.0
2022-04-26,145.41000366210938,146.97999572753906,142.8699951171875,144.22000122070312,142.77713012695312,4840400.0
2022-04-27,144.77999877929688,146.0800018310547,143.72999572753906,144.2100067138672,142.76722717285156,3124300.0
2022-04-28,144.75,147.72999572753906,144.1199951171875,147.13999938964844,145.66790771484375,2537700.0
2022-04-29,147.3000030517578,148.55999755859375,143.8699951171875,144.22000122070312,142.77713012695312,4152300.0
2022-05-02,144.50999450683594,147.5,143.77999877929688,145.91000366210938,144.45021057128906,3717300.0
2022-05-03,146.2100067138672,148.85000610351562,145.9199981689453,148.0800018310547,146.5985107421875,2508700.0
2022-05-04,149.0,154.66000366210938,147.8800048828125,154.22999572753906,152.6869659423828,3694200.0
2022-05-05,153.1699981689453,153.64999389648438,148.22999572753906,149.4600067138672,147.96470642089844,3315900.0
2022-05-06,149.27000427246094,149.77000427246094,146.69000244140625,149.52999877929688,148.03399658203125,2470300.0
2022-05-09,148.44000244140625,153.77000427246094,147.94000244140625,152.3800048828125,150.85548400878906,4163100.0
2022-05-10,154.0,154.0399932861328,148.13999938964844,149.1199951171875,147.6280975341797,3503200.0
2022-05-11,149.99000549316406,150.1300048828125,146.1699981689453,146.41000366210938,144.94522094726562,2748000.0
2022-05-12,146.58999633789062,149.6199951171875,146.00999450683594,149.58999633789062,148.09339904785156,2819000.0
2022-05-13,150.2100067138672,150.35000610351562,147.97000122070312,149.3000030517578,147.80630493164062,2753300.0
2022-05-16,149.22000122070312,150.8300018310547,146.30999755859375,150.5,148.99429321289062,2713700.0
2022-05-17,151.99000549316406,152.5,150.52000427246094,152.33999633789062,150.81588745117188,2106800.0
2022-05-18,151.58999633789062,151.7100067138672,148.47000122070312,148.92999267578125,147.4399871826172,2958700.0
2022-05-19,146.1999969482422,148.89999389648438,144.11000061035156,146.9600067138672,146.9600067138672,2746700.0
2022-05-20,147.5399932861328,147.94000244140625,141.08999633789062,143.8300018310547,143.8300018310547,4195400.0
2022-05-23,144.5800018310547,145.97000122070312,144.00999450683594,144.3800048828125,144.3800048828125,2836100.0
2022-05-24,144.35000610351562,146.22000122070312,141.0,145.75,145.75,2638800.0
2022-05-25,145.42999267578125,146.16000366210938,143.5500030517578,145.7899932861328,145.7899932861328,1876900.0
2022-05-26,146.74000549316406,148.80999755859375,146.6999969482422,147.0399932861328,147.0399932861328,2127300.0
2022-05-27,148.2100067138672,149.52000427246094,147.8699951171875,149.50999450683594,149.50999450683594,1776700.0
2022-05-31,148.27000427246094,149.83999633789062,145.92999267578125,149.2899932861328,149.2899932861328,4144000.0
2022-06-01,149.3300018310547,149.49000549316406,145.60000610351562,146.4199981689453,146.4199981689453,2410400.0
2022-06-02,147.52000427246094,148.2899932861328,144.5,148.17999267578125,148.17999267578125,1901400.0
2022-06-03,147.0,147.47000122070312,145.32000732421875,145.97000122070312,145.97000122070312,1876300.0
2022-06-06,146.38999938964844,147.3000030517578,145.64999389648438,146.2100067138672,146.2100067138672,1575600.0
2022-06-07,145.44000244140625,146.99000549316406,143.82000732421875,146.8699951171875,146.8699951171875,1805300.0
2022-06-08,145.55999755859375,146.61000061035156,144.2899932861328,145.4199981689453,145.4199981689453,1711400.0
2022-06-09,145.50999450683594,147.19000244140625,144.13999938964844,144.17999267578125,144.17999267578125,2168300.0
2022-06-10,142.0,142.47000122070312,137.5800018310547,137.64999389648438,137.64999389648438,5883900.0
2022-06-13,136.72999572753906,138.33999633789062,135.6199951171875,136.3699951171875,136.3699951171875,4116000.0
2022-06-14,136.67999267578125,138.35000610351562,134.39999389648438,135.25,135.25,2675200.0
2022-06-15,135.75999450683594,136.67999267578125,133.05999755859375,134.3300018310547,134.3300018310547,3271100.0
2022-06-16,132.5500030517578,132.5500030517578,130.3300018310547,130.94000244140625,130.94000244140625,3728200.0
2022-06-17,130.77000427246094,131.8800048828125,128.72000122070312,129.83999633789062,129.83999633789062,7180900.0
2022-06-21,130.33999633789062,131.0800018310547,129.27000427246094,130.00999450683594,130.00999450683594,3728400.0
2022-06-22,128.77000427246094,131.58999633789062,128.19000244140625,130.39999389648438,130.39999389648438,2900200.0
2022-06-23,130.2100067138672,131.07000732421875,128.5,130.14999389648438,130.14999389648438,2241000.0
2022-06-24,131.52999877929688,134.5500030517578,131.24000549316406,134.3300018310547,134.3300018310547,3659300.0
2022-06-27,134.41000366210938,134.6699981689453,132.2899932861328,132.8000030517578,132.8000030517578,2388600.0
2022-06-28,133.86000061035156,134.57000732421875,130.14999389648438,130.3300018310547,130.3300018310547,2408300.0
2022-06-29,130.0,130.33999633789062,128.80999755859375,129.77000427246094,129.77000427246094,2821100.0
2022-06-30,128.7100067138672,130.2100067138672,127.30000305175781,129.41000366210938,129.41000366210938,3341100.0
2022-07-01,129.41000366210938,129.8300018310547,126.61000061035156,128.49000549316406,128.49000549316406,3719800.0
2022-07-05,126.9800033569336,129.44000244140625,125.5999984741211,129.2100067138672,129.2100067138672,3905300.0
2022-07-06,129.5,130.99000549316406,127.95999908447266,129.83999633789062,129.83999633789062,3031600.0
2022-07-07,130.1300048828125,130.30999755859375,127.56999969482422,130.0500030517578,130.0500030517578,3449600.0
2022-07-08,129.82000732421875,130.16000366210938,128.13999938964844,128.72000122070312,128.72000122070312,2190700.0
2022-07-11,128.72999572753906,130.50999450683594,128.5500030517578,129.00999450683594,129.00999450683594,2693200.0
2022-07-12,129.16000366210938,132.02999877929688,129.05999755859375,130.1999969482422,130.1999969482422,2638100.0
2022-07-13,128.0,129.49000549316406,127.66999816894531,128.3699951171875,128.3699951171875,2487800.0
